,tweet,source,created_at,compound,positive,neutral,negative
0,"Ron DeSantis, a once-little known conservative congressman, vaulted to victory in the Florida governor‚Äôs primary on‚Ä¶ https://t.co/5gbb2oSxLl",@nytimes,2018-08-29 00:11:02+00:00,0.0,0.0,1.0,0.0
1,"Florida primary election live results
https://t.co/vZKTxiT9he",@nytimes,2018-08-29 00:02:04+00:00,0.0,0.0,1.0,0.0
2,‚ÄúShe had a smile on her face. She looked at peace.‚Äù Long lines of fans remember Aretha Franklin at a public viewing‚Ä¶ https://t.co/GWSSFzwIx5,@nytimes,2018-08-28 23:51:02+00:00,0.3612,0.111,0.889,0.0
3,"RT @joshbarone: Three male principal dancers are out at New York City Ballet: 
- Chase Finlay resigned
- Zachary Catazaro and Amar Ramasar‚Ä¶",@nytimes,2018-08-28 23:41:02+00:00,-0.25,0.0,0.909,0.091
4,Peter Polansky may be tennis‚Äôs luckiest loser. The Canadian player lost his way into the main draw of all of the Gr‚Ä¶ https://t.co/ScUpCNy0sl,@nytimes,2018-08-28 23:32:06+00:00,-0.2023,0.132,0.676,0.193
5,"RT @shearm: Also, @realDonaldTrump noted that Pastor Jeffress said Trump is not ""the perfect human being, but he‚Äôs the greatest leader for‚Ä¶",@nytimes,2018-08-28 23:17:47+00:00,0.7004,0.209,0.719,0.072
6,RT @shearm: UPDATED SCOOP: I‚Äôve added a bit more to my story about @realDonaldTrump remarks to evangelicals after getting more audio. POTUS‚Ä¶,@nytimes,2018-08-28 23:17:04+00:00,0.3254,0.104,0.896,0.0
7,First election results are coming in from Florida. Follow the vote here. https://t.co/7RamiEZNDR,@nytimes,2018-08-28 23:12:13+00:00,0.0,0.0,1.0,0.0
8,Evening Briefing: Here's what you need to know at the end of the day https://t.co/FeQdvkHIMy,@nytimes,2018-08-28 23:02:08+00:00,0.0,0.0,1.0,0.0
9,An ex-CIA officer running for Congress in Virginia accused a GOP super PAC of leaking her security clearance papers‚Ä¶ https://t.co/28boJRpMTa,@nytimes,2018-08-28 22:47:02+00:00,0.6249,0.257,0.653,0.09
10,RT @tackettdc: A former CIA officer turned House candidate in Virginia says that a Republican-aligned Super Pac improperly disclosed her se‚Ä¶,@nytimes,2018-08-28 22:31:06+00:00,0.5994,0.178,0.822,0.0
11,Too many bees (and puns) to count at a Times Square hot dog stand https://t.co/blTQ0iuoi9,@nytimes,2018-08-28 22:17:05+00:00,0.0,0.0,1.0,0.0
12,A white former police officer in Texas was found guilty of murder after fatally shooting 15-year-old Jordan Edwards‚Ä¶ https://t.co/kGBctvVZ8Z,@nytimes,2018-08-28 22:00:11+00:00,-0.9136,0.0,0.562,0.438
13,An audiotape of President Trump's remarks was provided to The New York Times by someone who attended the event. Her‚Ä¶ https://t.co/aiyIt5m9mV,@nytimes,2018-08-28 21:45:01+00:00,0.0,0.0,1.0,0.0
14,"RT @cliffordlevy: @NYTMetro @palafo ‚ÄúIn the bees‚Äô brief brush with fame, they attracted hundreds of onlookers and inspired some embarrassin‚Ä¶",@nytimes,2018-08-28 21:32:04+00:00,0.836,0.344,0.656,0.0
15,What occurs during the life of a plant? Do telomeres play a role in longevity? https://t.co/eXGQGmLLh8,@nytimes,2018-08-28 21:17:06+00:00,0.4137,0.175,0.825,0.0
16,This Greek-style broiled shrimp recipe is ready in just 10 minutes https://t.co/ki2ksaU0Oe https://t.co/9NRxLEPyir,@nytimes,2018-08-28 21:00:25+00:00,0.3612,0.172,0.828,0.0
17,"RT @juliehdavis: ""You‚Äôre one election away from losing everything you‚Äôve got,‚Äù Trump told evangelical leaders last night at the White House‚Ä¶",@nytimes,2018-08-28 20:45:08+00:00,-0.3818,0.0,0.885,0.115
18,"In remarks to evangelical ministers, President Trump spoke about religious liberty, abortion and youth unemployment‚Ä¶ https://t.co/eg16hwGq8Q",@nytimes,2018-08-28 20:35:39+00:00,0.5267,0.185,0.815,0.0
19,Correction: A previous version of this tweet included a typo. The tweet pictured below has since been deleted. https://t.co/azsF7Lfaew,@nytimes,2018-08-28 20:27:48+00:00,0.0,0.0,1.0,0.0
20,A books dealer and a library archivist have been accused of stealing about 300 rare books and other artifacts ‚Äî inc‚Ä¶ https://t.co/M9EMmQwipn,@nytimes,2018-08-28 20:18:43+00:00,-0.7096,0.0,0.742,0.258
21,RT @TimHerrera: We're all afraid to talk about money. Here's how to break the taboo https://t.co/5hcf8aA70H by @thewildwong,@nytimes,2018-08-28 20:15:05+00:00,0.0,0.0,1.0,0.0
22,"France's environment minister resigned during a live radio interview, saying the government was not doing enough to‚Ä¶ https://t.co/HtnUX4Cp1o",@nytimes,2018-08-28 20:00:14+00:00,-0.25,0.0,0.889,0.111
23,"‚ÄúAs a Democrat in Arizona, I voted for McCain as senator because I felt he was a leader for all.‚Äù Democratic reader‚Ä¶ https://t.co/638u9MCxU9",@nytimes,2018-08-28 19:45:05+00:00,0.0,0.0,1.0,0.0
24,"52 Places Traveler: A pilgrimage to Ypres, a small city in Belgium where the remembrance of World War I is ritualiz‚Ä¶ https://t.co/DtbOAnPdZn",@nytimes,2018-08-28 19:30:05+00:00,-0.5994,0.0,0.822,0.178
25,"Nearly 3,000 more deaths than expected occurred in the months after Hurricane Maria, a new report says https://t.co/f9rgnZT9Tj",@nytimes,2018-08-28 19:15:01+00:00,0.0,0.0,1.0,0.0
26,"RT @thunderwooddd: Today's the day! More than 20,000 people applied to work with me on The Edit, a @nytimes newsletter for college students‚Ä¶",@nytimes,2018-08-28 19:07:05+00:00,0.0,0.0,1.0,0.0
27,"Over the years, Ethan Hawke somehow worn his critics down with his earnestness and his dedication and his sincerity‚Ä¶ https://t.co/fMFjE1rMZ1",@nytimes,2018-08-28 19:00:08+00:00,-0.5267,0.0,0.804,0.196
28,RT @NYTmag: Bees love protein patties. https://t.co/RcSjKfDQ0k https://t.co/TzxcHxonkF,@nytimes,2018-08-28 18:55:28+00:00,0.6369,0.375,0.625,0.0
29,"‚ÄúThe reason Elon seems to attract drama is that he is so transparent, so open, in a way that can come back to bite‚Ä¶ https://t.co/8O6BlhFGCy",@nytimes,2018-08-28 18:45:05+00:00,0.3612,0.098,0.902,0.0
30,From cocktail hideways to a taste of West Africa: Here are 15 fall New York City restaurant openings you should kno‚Ä¶ https://t.co/L4EmLPJb3K,@nytimes,2018-08-28 18:30:06+00:00,0.0,0.0,1.0,0.0
31,RT @tmagazine: How the common weed has grown on florists (and chefs) https://t.co/E36G3I26pW https://t.co/tssJmLiE4D,@nytimes,2018-08-28 18:25:06+00:00,0.0,0.0,1.0,0.0
32,"""We were two journalists with four cameras, a microphone, a tripod and notebooks trying to be unobtrusive amid the‚Ä¶ https://t.co/t9v50qS1c0",@nytimes,2018-08-28 18:22:58+00:00,0.0,0.0,1.0,0.0
33,Canada's foreign minister rushed to Washington as top trade officials reiterated that the U.S. is prepared to leave‚Ä¶ https://t.co/Tu9USBNbGn,@nytimes,2018-08-28 18:15:07+00:00,0.4019,0.179,0.821,0.0
34,Oklahoma primary runoff election results. Follow along here. https://t.co/0fkYghQPMh,@nytimes,2018-08-28 18:04:04+00:00,0.0,0.0,1.0,0.0
35,Arizona primary election results. Follow along here. https://t.co/xRVhugVtxE,@nytimes,2018-08-28 18:02:03+00:00,0.0,0.0,1.0,0.0
36,Florida primary election results. Follow along here. https://t.co/FxaswRkfwi,@nytimes,2018-08-28 18:00:08+00:00,0.0,0.0,1.0,0.0
37,"RT @adeelnyt: Emmett Till, 14, entered a white-owned store in Money, Miss. for less than one minute. It cost him his life 63 years ago toda‚Ä¶",@nytimes,2018-08-28 17:30:08+00:00,-0.1531,0.0,0.938,0.062
38,"The president of the French Tennis Federation said Serena Williams' catsuit ""didn't respect the game."" But that rai‚Ä¶ https://t.co/OByhj6OrgN",@nytimes,2018-08-28 17:20:06+00:00,-0.3724,0.0,0.876,0.124
39,RT @ShaneGoldmacher: Some context on this: Cuomo keeps his offices icy cool. The NYT first wrote about it (hey @Liz_A_Harris: https://t.co/‚Ä¶,@nytimes,2018-08-28 17:10:09+00:00,0.3182,0.103,0.897,0.0
40,Our Moscow correspondent examines how the Kremlin and its propaganda machine cast John McCain as the central protag‚Ä¶ https://t.co/bW4ZpPWlb0,@nytimes,2018-08-28 17:00:06+00:00,-0.25,0.0,0.9,0.1
41,"In Opinion

Jack Shenker writes, ""Since the Brexit referendum, we‚Äôve seen the emergence of a host of abstract nouns‚Ä¶ https://t.co/SO2I55ALq5",@nytimes,2018-08-28 16:45:04+00:00,0.0,0.0,1.0,0.0
42,"RT @nytimesarts: Earlier this year, Abby Schachner ‚Äî one of five women who came forward to detail Louis C.K.'s inappropriate behavior ‚Äî spo‚Ä¶",@nytimes,2018-08-28 16:40:07+00:00,0.0,0.0,1.0,0.0
43,"RT @NYTmag: ""Serena‚Äôs excellence comes with the ability to imagine herself achieving a new kind of history for all of us."" https://t.co/9dr‚Ä¶",@nytimes,2018-08-28 16:30:09+00:00,0.7506,0.252,0.748,0.0
44,You know that study that said no amount of alcohol is safe to drink? It's more complicated than you think. https://t.co/87fPUJmOW0,@nytimes,2018-08-28 16:15:10+00:00,0.1779,0.12,0.788,0.091
45,Andrew Cuomo and Cynthia Nixon are set to have their first and only debate on Wednesday. But before they even take‚Ä¶ https://t.co/XWwD2vVRID,@nytimes,2018-08-28 16:00:13+00:00,0.0,0.0,1.0,0.0
46,Day 2 of the U.S. Open has started. Here's what to watch. https://t.co/DGwnJ7vHT0,@nytimes,2018-08-28 15:52:01+00:00,0.0,0.0,1.0,0.0
47,"A group of students is suing Stanford, alleging that after reporting suicidal thoughts, they were required to withd‚Ä¶ https://t.co/MmGMhOz9pK",@nytimes,2018-08-28 15:45:10+00:00,-0.765,0.0,0.708,0.292
48,Cultural treasures and art ‚Äî¬†including Neil Armstrong's spacesuit ‚Äî¬†are slowly disintegrating as the plastic that c‚Ä¶ https://t.co/lcBCIlktQ9,@nytimes,2018-08-28 15:30:08+00:00,0.4215,0.149,0.851,0.0
49,Rotten Tomatoes has added 200 more critics in an effort to be more inclusive to female and minority voices https://t.co/6geGHOeBxm,@nytimes,2018-08-28 15:20:07+00:00,-0.6997,0.0,0.757,0.243
50,"Mysticism is taking over the internet, from astrology memes to Instagram crystals. Is it all nonsense or a much-nee‚Ä¶ https://t.co/xbSMCqKb7z",@nytimes,2018-08-28 15:10:07+00:00,-0.4019,0.0,0.87,0.13
51,"RT @nytimesworld: When an 11-year-old Dutch schoolboy was murdered in 1998, no DNA matches were found for a potential suspect. Now, a natio‚Ä¶",@nytimes,2018-08-28 15:00:09+00:00,-0.8316,0.0,0.672,0.328
52,"A group of migrants were caught illegally entering the Australian mainland by sea this week, after they survived a‚Ä¶ https://t.co/d73rMlrDY6",@nytimes,2018-08-28 14:44:05+00:00,0.5106,0.155,0.845,0.0
53,"Over a few short August days, all the anxiety and rage of 1968 exploded in the streets of Chicago. Fifty years late‚Ä¶ https://t.co/jf18FKvpn2",@nytimes,2018-08-28 14:29:03+00:00,-0.6486,0.0,0.791,0.209
54,President Trump attacked Google for what he claimed was an effort to intentionally suppress conservative views supp‚Ä¶ https://t.co/qqGRsthAEG,@nytimes,2018-08-28 14:00:07+00:00,-0.4588,0.0,0.85,0.15
55,Charles Kushner and Michael Cohen face scrutiny in New York for claims that they falsified construction permits in‚Ä¶ https://t.co/kpc42w8BUq,@nytimes,2018-08-28 13:50:03+00:00,-0.3818,0.0,0.874,0.126
56,"Louis C.K., who admitted to sexual misconduct last year, was greeted with an ovation at the Comedy Cellar on Sunday‚Ä¶ https://t.co/LBH63RlLhE",@nytimes,2018-08-28 13:40:03+00:00,0.6124,0.25,0.75,0.0
57,Talking about money is important. So how do we begin?https://t.co/t1egXSyjy4,@nytimes,2018-08-28 13:15:08+00:00,0.2023,0.167,0.833,0.0
58,Morning Briefing: Here's what you need to know to start your day https://t.co/26TQMgidy4 https://t.co/hSEYsnMRx3,@nytimes,2018-08-28 13:00:08+00:00,0.0,0.0,1.0,0.0
59,Scientists from the University of Delaware have created a hearing test for ducks. Here's what they found. https://t.co/YPm3iEa4Og,@nytimes,2018-08-28 12:45:04+00:00,0.25,0.111,0.889,0.0
60,This commuter bus took nearly 3 hours to get to Manhattan. It was the express. https://t.co/LsiEF1PsKh https://t.co/EdxzmyW7IR,@nytimes,2018-08-28 12:30:17+00:00,0.0,0.0,1.0,0.0
61,An ideologically motivated opposition has weaponized the church's sex abuse crisis to threaten not only Francis' ag‚Ä¶ https://t.co/ivdGC6GGCm,@nytimes,2018-08-28 12:14:04+00:00,-0.836,0.108,0.502,0.391
62,"Protesters flashing Nazi salutes and shouting ""Foreigners out"" clashed Monday night with counterdemonstrators chant‚Ä¶ https://t.co/MS070RKoNq",@nytimes,2018-08-28 12:01:04+00:00,-0.2263,0.0,0.881,0.119
63,"""Our mothers here, they come for help,"" a pediatrician said. ""And you pity them. You can't do anything."" https://t.co/7Jd2v253xi",@nytimes,2018-08-28 11:44:06+00:00,-0.296,0.0,0.885,0.115
64,Joe Arpaio grimaced as he called himself ‚Äústupid‚Äù for being pranked by Sacha Baron Cohen. He thundered against poll‚Ä¶ https://t.co/XQU1pAq6Iv,@nytimes,2018-08-28 11:31:05+00:00,-0.4588,0.0,0.864,0.136
65,The war inside the Catholic Church https://t.co/6RtEAqXbwJ https://t.co/ZsMXbFcJCk,@nytimes,2018-08-28 11:21:05+00:00,-0.5994,0.0,0.642,0.358
66,Arizona and Florida have primaries today. Here are the most interesting races to watch. https://t.co/CzAD0zzyWr,@nytimes,2018-08-28 11:10:05+00:00,0.4576,0.176,0.824,0.0
67,Thousands of Americans will turn out this week to honor and reflect on Senator John McCain's life. Here's how to pa‚Ä¶ https://t.co/Q7KZOoP5HV,@nytimes,2018-08-28 11:00:11+00:00,0.4939,0.132,0.868,0.0
68,Morning¬†Briefing: Here's what you need to know to start your day https://t.co/lH3IdfwKWR https://t.co/R8QBWpo21b,@nytimes,2018-08-28 10:45:07+00:00,0.0,0.0,1.0,0.0
69,An archbishop released a letter claiming that Pope Francis knew of sexual misconduct by Cardinal Theodore McCarrick‚Ä¶ https://t.co/N0sqJ0xMtD,@nytimes,2018-08-28 10:31:03+00:00,0.0,0.0,1.0,0.0
70,"""I lived and died a proud American."" Senator John McCain's farewell statement: https://t.co/rjtL3BgGvQ",@nytimes,2018-08-28 10:15:03+00:00,-0.128,0.186,0.599,0.216
71,RT @nytimesworld: Their relatives died in the drug war in the Philippines. Now they want to hold Rodrigo Duterte accountable. https://t.co/‚Ä¶,@nytimes,2018-08-28 10:00:08+00:00,-0.802,0.049,0.672,0.28
72,‚ÄúMagic Mike‚Äù and the ‚Äú50 Shades of Grey‚Äù franchise have helped make male ogling big business in recent years. But m‚Ä¶ https://t.co/Srbz4pft5w,@nytimes,2018-08-28 09:45:04+00:00,0.0,0.0,1.0,0.0
73,A wave of designer probiotic pills and powders is based on the idea that perfect skin may be linked to your tummy https://t.co/f5QL9ny2wz,@nytimes,2018-08-28 09:30:04+00:00,0.5719,0.15,0.85,0.0
74,"Russia's highest-profile opposition leader, Aleksei Navalny, was sentenced to 30 days in jail for a protest that ha‚Ä¶ https://t.co/FVCK1pROSP",@nytimes,2018-08-28 09:15:06+00:00,-0.2732,0.0,0.838,0.162
75,The 17th-seeded Serena Williams returned to the United States Open with a fairly routine win https://t.co/8TZOKzL1Dx,@nytimes,2018-08-28 09:00:11+00:00,0.765,0.337,0.663,0.0
76,"Quit avocado. Choose bikes, not taxis. Don‚Äôt have kids. China‚Äôs consumers are downgrading, and the world could feel‚Ä¶ https://t.co/oKouxZlBse",@nytimes,2018-08-28 08:30:10+00:00,0.0,0.0,1.0,0.0
77,"The pope‚Äôs vague answer has only heightened public interest, particularly in the core accusation ‚Äî that he was told‚Ä¶ https://t.co/9BXEsTZ02a",@nytimes,2018-08-28 08:15:03+00:00,0.1531,0.134,0.714,0.152
78,"For over a year, the Chinese government has withheld lab samples of a rapidly evolving influenza virus from the Uni‚Ä¶ https://t.co/HbZUnD7QLl",@nytimes,2018-08-28 08:00:10+00:00,0.0,0.0,1.0,0.0
79,A key ally of South Korea's leader is accused of working with online bloggers to try to illegally manipulate public‚Ä¶ https://t.co/ReWRaaSVGu,@nytimes,2018-08-28 07:45:06+00:00,-0.296,0.0,0.896,0.104
80,"For the first time in nearly 4 years, a group of migrants were caught illegally entering the Australian mainland by‚Ä¶ https://t.co/7azRPhGoHi",@nytimes,2018-08-28 07:30:03+00:00,0.0,0.0,1.0,0.0
81,North Korean state media criticized the United States for ‚Äúextremely provocative and dangerous military moves‚Äù in P‚Ä¶ https://t.co/pL89wK6OMn,@nytimes,2018-08-28 07:15:06+00:00,-0.4215,0.12,0.641,0.239
82,"We‚Äôre discouraged from talking about money at every turn, but if you want to fix your financial situation, talking‚Ä¶ https://t.co/V26CxkElax",@nytimes,2018-08-28 07:00:07+00:00,-0.1027,0.068,0.845,0.087
83,"The cave bear, extinct for thousands of years, lives on in today's brown bears, a new study shows. ""Extinction does‚Ä¶ https://t.co/3FtRUbUKCp",@nytimes,2018-08-28 06:45:05+00:00,0.0,0.0,1.0,0.0
84,RT @suhasiniraj: We met Gajendran in the hospital a couple of months back. He was beaten up alongside his mother in law Rukmini who died th‚Ä¶,@nytimes,2018-08-28 06:39:33+00:00,-0.7506,0.0,0.782,0.218
85,"RT @jotted: ""Given that this flu virus is a potential threat to humanity, not sharing it immediately with the global network of W.H.O. labo‚Ä¶",@nytimes,2018-08-28 06:30:00+00:00,-0.8286,0.0,0.696,0.304
86,A yoga ball filled with carbon monoxide. An affair between a professor and his student. A dead wife and daughter. https://t.co/53uAXV0537,@nytimes,2018-08-28 06:15:04+00:00,-0.6486,0.0,0.798,0.202
87,üó£Ô∏è Can I live? https://t.co/vQHttgrqny,@nytimes,2018-08-28 06:00:01+00:00,0.0,0.0,1.0,0.0
88,"‚ÄúThis was the biggest DNA investigation in the Netherlands so far, and we‚Äôre proud of it.‚Äù An inquiry using DNA fro‚Ä¶ https://t.co/zxpPIO4PRv",@nytimes,2018-08-28 05:45:03+00:00,0.4767,0.129,0.871,0.0
89,"‚ÄúI cannot imagine any metric in which an agreement between the U.S. and Mexico can be the largest,‚Äù a trade expert https://t.co/KOEkSnh1Np",@nytimes,2018-08-28 05:30:08+00:00,0.4939,0.138,0.862,0.0
90,"In a remarkable break from usual decorum, American Catholic leaders are in open conflict over the explosive allegat‚Ä¶ https://t.co/JTnElx2sMx",@nytimes,2018-08-28 05:15:05+00:00,0.3182,0.164,0.731,0.105
91,"Brands are reintroducing products for new generations. ‚ÄúWhat‚Äôs old is new again."" https://t.co/a8BZYz05BV",@nytimes,2018-08-28 05:04:31+00:00,0.0,0.0,1.0,0.0
92,"RT @nytopinion: ‚ÄúThe church was in every part of my life. That moment in Galway [in 1979] when the pope said, ‚ÄòYoung people of Ireland, I l‚Ä¶",@nytimes,2018-08-28 04:47:05+00:00,0.0,0.0,1.0,0.0
93,"By experimenting with tiny textures, scientists may have found a way to reduce the impact of barnacles, which add b‚Ä¶ https://t.co/AJdQ8posnu",@nytimes,2018-08-28 04:32:07+00:00,0.0,0.0,1.0,0.0
94,"RT @viaSimonRomero: I interviewed Joe Arpaio in Arizona &amp; we discussed many things, among them the pummeling he‚Äôs taking in the Senate race‚Ä¶",@nytimes,2018-08-28 04:17:08+00:00,0.0,0.0,1.0,0.0
95,"Louis C.K. made an unannounced appearance at a New York City comedy club, performing there for the first time since‚Ä¶ https://t.co/dZtIfKiGXJ",@nytimes,2018-08-28 04:02:05+00:00,0.3612,0.116,0.884,0.0
96,The student loan watchdog blasted the Trump administration for protecting predatory lenders at the expense of borro‚Ä¶ https://t.co/vu5y0UDb7y,@nytimes,2018-08-28 03:47:06+00:00,0.0,0.0,1.0,0.0
97,"Rose McGowan, one of the leading voices of the #MeToo movement, has spoken out on the Asia Argento allegations. She‚Ä¶ https://t.co/5iPVaJnCHA",@nytimes,2018-08-28 03:32:02+00:00,0.0,0.0,1.0,0.0
98,"RT @katierogers: The president ignored pleas from top advisers, including VP Pence, Kelly, Sanders and Shine to issue a unifying and prompt‚Ä¶",@nytimes,2018-08-28 03:17:03+00:00,-0.128,0.078,0.823,0.1
99,Why did the interview with Sarah Palin never air on Sacha Baron Cohen‚Äôs ‚ÄúWho Is America?‚Äù Showtime isn‚Äôt saying. https://t.co/GhaJuMambb,@nytimes,2018-08-28 03:02:06+00:00,0.0,0.0,1.0,0.0
100,Mom punches homeless woman to stop alleged kidnapping of daughter: records https://t.co/kTA7By9E9g,@FoxNews,2018-08-29 00:14:14+00:00,-0.296,0.0,0.833,0.167
101,"BREAKING: Trump-backed Florida Rep. DeSantis wins GOP primary race for Florida governor, Fox News projects. https://t.co/1Tn4dpNToH",@FoxNews,2018-08-29 00:03:50+00:00,0.5719,0.198,0.802,0.0
102,Missouri becomes first state to issue law protecting citizens from accidentally buying fake meat. https://t.co/qtM6tGsgLm,@FoxNews,2018-08-28 23:58:35+00:00,-0.6705,0.0,0.703,0.297
103,"MS-13 gang member arrested after he re-entered US illegally, Border Patrol says. https://t.co/JfudMBr3Hp",@FoxNews,2018-08-28 23:44:42+00:00,-0.4767,0.0,0.795,0.205
104,".@MZHemingway on NC redistricting ruling: ""It throws the entire state into chaos and it disenfranchises an entire s‚Ä¶ https://t.co/MclIbutDdK",@FoxNews,2018-08-28 23:38:00+00:00,-0.5719,0.0,0.829,0.171
105,"Brett Kavanaugh backed by Bob Bennett, Bill Clinton's Paula Jones-era lawyer. (via @nicoledarrah) https://t.co/ifUt1PuDVh",@FoxNews,2018-08-28 23:34:20+00:00,0.0258,0.078,0.922,0.0
106,Toddler's death after leaving immigration facility leads to $40 million legal claim. https://t.co/H2dXw2vJuI,@FoxNews,2018-08-28 23:28:45+00:00,-0.5267,0.091,0.671,0.238
107,.@USCG and @USNavy bomb technicians are working to retrieve what looks like an unexploded mine that was spotted flo‚Ä¶ https://t.co/9nxUVCEhu3,@FoxNews,2018-08-28 23:20:50+00:00,-0.1779,0.105,0.759,0.135
108,Google CEO slammed by lawmakers for declining to testify at Senate hearing. https://t.co/TDjJfdQd8r,@FoxNews,2018-08-28 23:19:03+00:00,0.0,0.0,1.0,0.0
109,"Sen. @ChrisCoons on calls for postponement of Kavanaugh proceedings: ""At the end of the day what matters here is, a‚Ä¶ https://t.co/3Q9ihRRuFs",@FoxNews,2018-08-28 23:11:53+00:00,0.0258,0.052,0.948,0.0
110,".@POTUS honors anniversary of MLK 'I Have a Dream' speech touting his policies, hope for America https://t.co/xPX2JgNWF3",@FoxNews,2018-08-28 22:56:52+00:00,0.7579,0.374,0.548,0.078
111,"Secretary Mattis: ""We took the step to suspend several of the largest exercises as a good-faith measure coming out‚Ä¶ https://t.co/5VdOHKTBCq",@FoxNews,2018-08-28 22:49:20+00:00,-0.3182,0.0,0.887,0.113
112,".@SenatorBerger: ""I think the fairest way to do it is to let the people elect the legislators and let the legislato‚Ä¶ https://t.co/KOlrveb3lO",@FoxNews,2018-08-28 22:37:38+00:00,0.0,0.0,1.0,0.0
113,Phil Keating reports on the tight gubernatorial race in Florida. #SpecialReport  https://t.co/vRKSDUGh21 https://t.co/07aiV9PzT3,@FoxNews,2018-08-28 22:26:59+00:00,0.0,0.0,1.0,0.0
114,".@pdoocy reports on today's Arizona @GOP Senate primary, including problems with voting machines. #SpecialReport‚Ä¶ https://t.co/SS3reyYSwW",@FoxNews,2018-08-28 22:20:42+00:00,-0.4019,0.0,0.838,0.162
115,Parents of baby misdiagnosed with terminal brain condition in utero left fate 'in God's hands'  https://t.co/auuUttgZpU,@FoxNews,2018-08-28 22:13:34+00:00,0.0,0.0,1.0,0.0
116,"Florida Senate race between Scott, Nelson expected to be competitive and costly. https://t.co/z1qUScfXfV",@FoxNews,2018-08-28 22:03:25+00:00,0.0772,0.121,0.78,0.099
117,Pope Francis facing calls to resign; sexual abuse scandal exposes rifts in the Vatican. https://t.co/AAQvL8xpIE,@FoxNews,2018-08-28 21:55:00+00:00,-0.875,0.0,0.5,0.5
118,Texas ex-cop Roy Oliver convicted of murdering unarmed teen Jordan Edwards. https://t.co/68b9xg76dM,@FoxNews,2018-08-28 21:49:00+00:00,-0.6486,0.0,0.719,0.281
119,California to become first state eliminating bail for suspects awaiting trial. https://t.co/BNqyCuUQU6,@FoxNews,2018-08-28 21:43:00+00:00,-0.34,0.0,0.821,0.179
120,"Trump factor looms large in the Florida gubernatorial primary.
https://t.co/mIB0pTwNlf",@FoxNews,2018-08-28 21:35:51+00:00,-0.1531,0.0,0.849,0.151
121,WATCH: Trump 'Red Cards' the Media at White House FIFA Event.  https://t.co/uOIuI6kz7C,@FoxNews,2018-08-28 21:30:13+00:00,0.0,0.0,1.0,0.0
122,Illinois community wants children's restaurant closed after video of fight goes viral. https://t.co/dMGwxxgQuY,@FoxNews,2018-08-28 21:23:38+00:00,-0.3818,0.0,0.822,0.178
123,"STDs hit all-time highs in US for fourth straight year, @CDCgov reports. https://t.co/pjFwidIX6Q",@FoxNews,2018-08-28 21:17:00+00:00,0.2263,0.137,0.863,0.0
124,"Texas man stops woman, 94, driving wrong way down highway. https://t.co/X2J9arVl0z",@FoxNews,2018-08-28 21:13:18+00:00,-0.5719,0.0,0.657,0.343
125,Arizona election officials work to fix problems with voting machines on primary day. https://t.co/QMoJFL3gn8,@FoxNews,2018-08-28 21:02:58+00:00,-0.4019,0.0,0.828,0.172
126,".@newtgingrich: ""If the Democrats win control of the House, it'll be a total mess for two solid years."" #Cavuto https://t.co/ojAg5wvCqN",@FoxNews,2018-08-28 20:56:49+00:00,0.4404,0.226,0.669,0.105
127,".@newtgingrich: ""The left in this country is now in a position where there's not much negotiation. Either they're g‚Ä¶ https://t.co/PJj0t5LdBY",@FoxNews,2018-08-28 20:45:00+00:00,0.0,0.0,1.0,0.0
128,".@senrobportman: ""I think this [trade] agreement with Mexico is a step in the right direction."" #Cavuto https://t.co/s3SX4So20Q",@FoxNews,2018-08-28 20:42:39+00:00,0.4939,0.176,0.824,0.0
129,"Cynthia Nixon's team cites sexism over room temperature ahead of Cuomo debate, according to a report. https://t.co/mOUFoia1lo",@FoxNews,2018-08-28 20:27:42+00:00,0.0,0.0,1.0,0.0
130,Times Square street shut down after bees swarm hot dog stand. https://t.co/p1T6XiKZ2K,@FoxNews,2018-08-28 20:21:41+00:00,0.0,0.0,1.0,0.0
131,RT @FoxBusiness: AT THE CLOSE: The Nasdaq Composite ends at a new record high for the third consecutive trading day. https://t.co/TFdo1UXGR‚Ä¶,@FoxNews,2018-08-28 20:18:53+00:00,0.0,0.0,1.0,0.0
132,"Puerto Rico governor raises Hurricane Maria death toll from 64 to 2,975. https://t.co/uUadh2nfce",@FoxNews,2018-08-28 20:10:29+00:00,-0.5994,0.0,0.755,0.245
133,RT @ShepNewsTeam: Shep is live on Facebook Watch: https://t.co/icjH13MU8v,@FoxNews,2018-08-28 20:04:21+00:00,0.0,0.0,1.0,0.0
134,.@ShepNewsTeam is live with the ‚ÄòFox News Update‚Äô on Facebook Watch: https://t.co/hNrB8xzepH https://t.co/LPbFC2DBes,@FoxNews,2018-08-28 20:02:23+00:00,0.0,0.0,1.0,0.0
135,RT @ShepNewsTeam: An independent study reveals a higher death toll linked to Hurricane Maria in Puerto Rico than the government estimated.‚Ä¶,@FoxNews,2018-08-28 19:53:07+00:00,-0.5994,0.0,0.83,0.17
136,.@POTUS met with FIFA president Gianni Infantino in the Oval Office Tuesday and talked about the 2026 @FIFAWorldCup‚Ä¶ https://t.co/UnGYoFck8v,@FoxNews,2018-08-28 19:46:00+00:00,0.0,0.0,1.0,0.0
137,"""It'll ultimately be paid for by Mexico."" ‚Äî @POTUS responded to a question Tuesday about funding a U.S.-Mexico bord‚Ä¶ https://t.co/Mh0reHgkbe",@FoxNews,2018-08-28 19:40:30+00:00,0.0,0.0,1.0,0.0
138,FIFA president Gianni Infantino gave @POTUS a yellow and red card during a meeting at the @WhiteHouse Tuesday https://t.co/8iTnA5feZu,@FoxNews,2018-08-28 19:33:31+00:00,0.0,0.0,1.0,0.0
139,.@POTUS presented with soccer jerseys during Oval Office meeting on the 2026 @FIFAWorldCup https://t.co/Ixp5xGGWfg,@FoxNews,2018-08-28 19:22:24+00:00,0.0,0.0,1.0,0.0
140,Arizona election officials report problems with voting machines on primary day https://t.co/XWWSyzeqHI,@FoxNews,2018-08-28 19:18:40+00:00,-0.4019,0.0,0.803,0.197
141,"Texan says he's selling 3-D printed gun plans, despite ruling https://t.co/7b2AB7nsyy",@FoxNews,2018-08-28 19:10:27+00:00,-0.34,0.0,0.806,0.194
142,"'He's Full of It': 'Outnumbered' Slams Lanny Davis After He Walks Back Claim About Cohen, Trump &amp; Russia‚Ä¶ https://t.co/a7fPJy2mrU",@FoxNews,2018-08-28 19:02:55+00:00,0.0,0.0,1.0,0.0
143,".@LindseyGrahamSC remembering Senator John McCain: ""He could be tough but the joy that you received from being with‚Ä¶ https://t.co/vaeHkcRzTD",@FoxNews,2018-08-28 18:38:08+00:00,0.714,0.222,0.725,0.053
144,".@LindseyGrahamSC remembering Senator John McCain: ""I learned that failure and success are different sides of the s‚Ä¶ https://t.co/vve5ei9RL1",@FoxNews,2018-08-28 18:36:55+00:00,0.1027,0.161,0.696,0.143
145,".@LindseyGrahamSC on lessons learned from Senator John McCain's service to the country: ""I learned that serving a c‚Ä¶ https://t.co/Qp3jCE3l3x",@FoxNews,2018-08-28 18:31:38+00:00,0.0,0.0,1.0,0.0
146,".@LindseyGrahamSC on Senator John McCain's concession speech in 2008: ""He healed the nation at a time he was hurt."" https://t.co/Sy5mxhqBQL",@FoxNews,2018-08-28 18:29:56+00:00,0.0,0.0,1.0,0.0
147,Senator @LindseyGrahamSC pays tribute to the life and legacy of his friend and colleague Senator John McCain.‚Ä¶ https://t.co/4ZIUfbexnh,@FoxNews,2018-08-28 18:15:44+00:00,0.4939,0.158,0.842,0.0
148,"GOP rep touches off firestorm with claim FBI leaked info, used stories to get FISA warrants https://t.co/umb0G035Cw",@FoxNews,2018-08-28 18:06:31+00:00,-0.3182,0.0,0.874,0.126
149,Alabama school's hilarious 'opt out' fundraising letter goes viral https://t.co/V5tMaAm8cH,@FoxNews,2018-08-28 17:51:58+00:00,0.4019,0.231,0.769,0.0
150,".@DarrellIssa on DOJ official Bruce Ohr questioned on contacts with anti-Trump dossier author: ""Bruce Ohr is creati‚Ä¶ https://t.co/pmOJQPOiyN",@FoxNews,2018-08-28 17:42:55+00:00,-0.1027,0.0,0.924,0.076
151,"Iran's president vows to overcome 'anti-Iranians' in White House, as lawmakers issue public rebuke https://t.co/MIRupiI3bj",@FoxNews,2018-08-28 17:31:35+00:00,0.0,0.0,1.0,0.0
152,Vets in tech: Silicon Valley must lead the way https://t.co/QrQp8bzmTw,@FoxNews,2018-08-28 17:19:26+00:00,0.0,0.0,1.0,0.0
153,K-pop band @BTS_twt beats Taylor Swift's YouTube record for most video views in 24 hours with song #IDOL https://t.co/3WYHm6GT5e,@FoxNews,2018-08-28 17:02:15+00:00,0.0,0.0,1.0,0.0
154,"RT @FoxBusiness: Former President Jimmy Carter: ""I don't talk about impeachment. I think that's the wrong thing for Democrats to do."" https‚Ä¶",@FoxNews,2018-08-28 16:56:32+00:00,-0.4767,0.0,0.866,0.134
155,"RT @FoxBusiness: Former President Jimmy Carter: ""The president has much less influence over the economy than is certainly publicized by the‚Ä¶",@FoxNews,2018-08-28 16:56:22+00:00,0.34,0.107,0.893,0.0
156,Arizona star pro athletes to participate in John McCain's funeral https://t.co/P1QHT830i3,@FoxNews,2018-08-28 16:55:42+00:00,-0.3612,0.0,0.8,0.2
157,OPINION: Trump replaces NAFTA and triumphs -- New trade deal with Mexico is YUGE win for both countries https://t.co/ZWpFE5RDtm,@FoxNews,2018-08-28 16:54:47+00:00,0.7783,0.286,0.714,0.0
158,"RT @FoxBusiness: Former President Jimmy Carter: ""The markets were very important to me."" https://t.co/7trFQv5lNa",@FoxNews,2018-08-28 16:48:42+00:00,0.2716,0.139,0.861,0.0
159,"RT @FoxBusiness: Former President Jimmy Carter: ""I think it's been proven that, on a number of occasions, President Trump has made statemen‚Ä¶",@FoxNews,2018-08-28 16:48:36+00:00,0.0772,0.061,0.939,0.0
160,"RT @FoxBusiness: Former President Jimmy Carter: ""I think we're going through a phase of difficulty. Our country is much more polarized than‚Ä¶",@FoxNews,2018-08-28 16:48:27+00:00,-0.34,0.0,0.893,0.107
161,"RT @FoxBusiness: Former President Jimmy Carter on @Habitat_org: ""It's very gratifying to us... I feel like we always get more out of it tha‚Ä¶",@FoxNews,2018-08-28 16:47:44+00:00,0.7264,0.225,0.775,0.0
162,.@adrienneelrod: ‚ÄúHe wanted nominees who would vow to overturn Roe v. Wade.‚Äù https://t.co/QZnCwxyZmA,@FoxNews,2018-08-28 16:47:28+00:00,0.0,0.0,1.0,0.0
163,"Student arrested for stealing MAGA hat, slapping teacher in profanity-laced tirade https://t.co/WENe16aVd7",@FoxNews,2018-08-28 16:35:29+00:00,-0.7783,0.0,0.595,0.405
164,Soccer fan's celebration goes viral after ceremonial goal to honor father https://t.co/UB2ElR0Ytq,@FoxNews,2018-08-28 16:28:26+00:00,0.4939,0.225,0.775,0.0
165,Children's Advil bubble gum flavor recalled due to overdose concerns https://t.co/zcF9CIkF6d,@FoxNews,2018-08-28 16:15:23+00:00,0.0,0.0,1.0,0.0
166,University founded by George Soros stops courses for refugees due to new tax https://t.co/4y8n7sq4Pt,@FoxNews,2018-08-28 16:12:51+00:00,-0.1531,0.0,0.89,0.11
167,White House 'taking a look' at regulating Google https://t.co/1V3qcnI5j8,@FoxNews,2018-08-28 16:09:53+00:00,0.0,0.0,1.0,0.0
168,Doorbell camera captures fireball flashing through the sky in Missouri https://t.co/8HDY7nGiDW,@FoxNews,2018-08-28 15:53:31+00:00,0.0,0.0,1.0,0.0
169,Ben Affleck's reign as Batman may come to an end due to post-rehab insurance costs https://t.co/EIOzlApvLX,@FoxNews,2018-08-28 15:45:55+00:00,0.0,0.0,1.0,0.0
170,"Jim Brown Doubles Down on Anthem Stance, Trump Support https://t.co/v852JIeQpr https://t.co/D0IklYopxl",@FoxNews,2018-08-28 15:43:14+00:00,0.4019,0.213,0.787,0.0
171,"FBI agent says bureau leaked stories, then used them to get FISA warrants https://t.co/UYyjHCFdvc",@FoxNews,2018-08-28 15:29:05+00:00,-0.3182,0.0,0.85,0.15
172,"Viking Cruises bans children, says clients want kid-free vacations https://t.co/Ux39fljjc4",@FoxNews,2018-08-28 15:25:43+00:00,0.0772,0.126,0.874,0.0
173,"Bride cancels wedding, breaks up with fianc√© after friends and family refuse to pay for $60K nuptials https://t.co/ImvzSrCzOS",@FoxNews,2018-08-28 15:00:22+00:00,-0.1027,0.137,0.619,0.243
174,Theresa May busts out dance moves during visit to South Africa https://t.co/XHRKq2kcTh,@FoxNews,2018-08-28 14:55:10+00:00,0.0,0.0,1.0,0.0
175,WATCH: Bruce Ohr Refuses to Answer Questions From Fox News' Herridge https://t.co/2LyRCpt0Gb,@FoxNews,2018-08-28 14:41:59+00:00,0.0,0.0,1.0,0.0
176,".@SenatorRounds: ‚ÄúThe administration has taken the correct position suggesting that until we actually see progress,‚Ä¶ https://t.co/oRtUfgKxZb",@FoxNews,2018-08-28 14:33:40+00:00,0.0,0.0,1.0,0.0
177,Army builds new self-propelled Howitzer - cannon will hit 43.5 miles https://t.co/RJZtIwh07q,@FoxNews,2018-08-28 14:28:59+00:00,0.0,0.0,1.0,0.0
178,.@SenJohnKennedy: ‚ÄúSenator McCain played outside the pocket. He was a warrior.‚Äù https://t.co/rhurGFJEuh,@FoxNews,2018-08-28 14:16:57+00:00,0.34,0.194,0.806,0.0
179,"DOJ official Bruce Ohr faces closed-door grilling over Trump dossier, Steele ties https://t.co/OCdo7LVgxB",@FoxNews,2018-08-28 14:10:10+00:00,0.0,0.0,1.0,0.0
180,"RT @FoxBusiness: .@CommerceGov @SecretaryRoss: ""Right now is not the world's best time to negotiate with China."" https://t.co/59fppH32hT",@FoxNews,2018-08-28 14:08:43+00:00,-0.5216,0.0,0.826,0.174
181,"RT @FoxBusiness: .@CommerceGov @SecretaryRoss on trade agreement with Mexico: ""One of the purposes is to put wages up in Mexico."" https://t‚Ä¶",@FoxNews,2018-08-28 14:07:20+00:00,0.4939,0.138,0.862,0.0
182,"RT @FoxBusiness: .@CommerceGov @SecretaryRoss: ""The Canadian economy really can't survive very well without a deal with the U.S. They're to‚Ä¶",@FoxNews,2018-08-28 14:07:00+00:00,-0.2572,0.0,0.899,0.101
183,"RT @FoxBusiness: .@CommerceGov @SecretaryRoss on trade: ""It's pretty important that we file something very, very promptly."" https://t.co/dk‚Ä¶",@FoxNews,2018-08-28 14:06:44+00:00,0.6124,0.25,0.75,0.0
184,"RT @FoxBusiness: .@CommerceGov @SecretaryRoss: ""This deal is pretty well put together with Mexico. So the president, as he's indicated, is‚Ä¶",@FoxNews,2018-08-28 14:06:36+00:00,0.6486,0.227,0.773,0.0
185,Texans star JJ Watt's Hurricane Harvey effort raises record $41.6M https://t.co/ZPnFGrDeUu,@FoxNews,2018-08-28 14:04:40+00:00,0.4084,0.215,0.785,0.0
186,"'We Should Never Denigrate Our Flag': Jim Brown Doubles Down on Anthem Stance, Trump Support https://t.co/v852JIeQpr",@FoxNews,2018-08-28 13:43:33+00:00,0.4019,0.153,0.847,0.0
187,Court ruling against North Carolina districts could leave House control in limbo until 2019 https://t.co/m8zBrEPFAL,@FoxNews,2018-08-28 13:27:11+00:00,-0.0516,0.0,0.921,0.079
188,Tiger Woods' 'respect the office' statement about Trump blasted by ESPN host Max Kellerman https://t.co/SY3SQG545C,@FoxNews,2018-08-28 13:02:52+00:00,0.4767,0.181,0.819,0.0
189,"Firefighter, another bystander leap into action as gunfire rings out at New Mexico convenience store https://t.co/hQkie0aS5c",@FoxNews,2018-08-28 12:56:48+00:00,0.0,0.0,1.0,0.0
190,"Larry Kudlow: ‚ÄúOur deal with Mexico shows that free trade, fair trade can be done.‚Äù https://t.co/MQrxqgoQSz",@FoxNews,2018-08-28 12:53:28+00:00,0.6808,0.286,0.714,0.0
191,Larry Kudlow: ‚ÄúWe would like to make a good deal with Canada.‚Äù https://t.co/XK25f4CbLa,@FoxNews,2018-08-28 12:49:38+00:00,0.6597,0.351,0.649,0.0
192,"Larry Kudlow: ‚ÄúIt‚Äôs going to promote economic growth, both sides of the border.‚Äù https://t.co/aNaNYGVIFo",@FoxNews,2018-08-28 12:43:16+00:00,0.6369,0.302,0.698,0.0
193,Jim Brown: ‚ÄúWe should never denigrate our flag and our national anthem.‚Äù https://t.co/Qm8GeEXYKS,@FoxNews,2018-08-28 12:35:49+00:00,0.0,0.0,1.0,0.0
194,Jim Brown: ‚ÄúThis president is accessible and he‚Äôs different.‚Äù https://t.co/bF25orCsYZ,@FoxNews,2018-08-28 12:28:05+00:00,0.0,0.0,1.0,0.0
195,"GOP braces for Democratic investigation overload against Trump, if House flips https://t.co/EH02yxp07T",@FoxNews,2018-08-28 12:24:04+00:00,-0.3612,0.0,0.815,0.185
196,".@LindseyGrahamSC: ‚ÄúHe was my mentor, he was my friend and I feel a real obligation to send him off well and to con‚Ä¶ https://t.co/4OWs5jwtIq",@FoxNews,2018-08-28 12:11:31+00:00,0.6486,0.209,0.791,0.0
197,.@LindseyGrahamSC: ‚ÄúI‚Äôve seen no evidence of collusion after two years.‚Äù https://t.co/QPhbYbbmJ1,@FoxNews,2018-08-28 11:50:39+00:00,-0.296,0.0,0.82,0.18
198,3-D printed gun ban extended by judge pending state challenge https://t.co/xesYOH4VxH https://t.co/pRJEECLfli,@FoxNews,2018-08-28 11:41:27+00:00,-0.6908,0.08,0.552,0.368
199,Seth Rogen's AMC series 'Preacher' features Nazi wearing MAGA hat in season finale https://t.co/meDDxKErUQ,@FoxNews,2018-08-28 11:40:16+00:00,0.0,0.0,1.0,0.0
200,"Rep. Ron DeSantis will win Florida's Republican governor's primary, CNN projects, in yet another win for a Trump-ba‚Ä¶ https://t.co/5pJqz1Y3ro",@CNN,2018-08-29 00:14:50+00:00,0.8225,0.322,0.678,0.0
201,The former CEO of Barnes &amp; Noble is suing the bookseller over his firing last month https://t.co/9saAEwKexu https://t.co/50mk7FweBe,@CNN,2018-08-29 00:11:04+00:00,-0.128,0.133,0.667,0.2
202,RT @OutFrontCNN: Sen. Mark Warner says his former Senate colleague John McCain told him 'to stick at it and get to the truth' in the Russia‚Ä¶,@CNN,2018-08-29 00:04:35+00:00,0.3182,0.084,0.916,0.0
203,A tale of two refugee girls | By Angelina Jolie via @CNNOpinion https://t.co/T8IV5Hq92F https://t.co/Kf3mnGf0UO,@CNN,2018-08-29 00:01:05+00:00,0.0,0.0,1.0,0.0
204,Former Papa John's chairman John Schnatter says he believes he's being scapegoated for the pizza chain's poor perfo‚Ä¶ https://t.co/CzYxf5brI5,@CNN,2018-08-28 23:51:03+00:00,-0.4767,0.0,0.853,0.147
205,"RT @OutFrontCNN: ""Never, ever has any president come even close to saying if my side loses there's going to be violence. I think it is irre‚Ä¶",@CNN,2018-08-28 23:47:38+00:00,-0.7506,0.0,0.782,0.218
206,"Air pollution could be more damaging to our health than previously thought, according to a new study, which found t‚Ä¶ https://t.co/tYL8nukK4A",@CNN,2018-08-28 23:41:01+00:00,-0.5563,0.0,0.841,0.159
207,"Supreme Court nominee Brett Kavanaugh will be introduced by Republican Sen. Rob Portman of Ohio, former Secretary o‚Ä¶ https://t.co/uOTbCpMwru",@CNN,2018-08-28 23:31:05+00:00,0.0,0.149,0.702,0.149
208,"RT @OutFrontCNN: ""One of the lessons I've learned the most from him was the absolutely essential nature of American leadership around the w‚Ä¶",@CNN,2018-08-28 23:27:07+00:00,0.0,0.0,1.0,0.0
209,Arizona polls to close on time after Election Day snafu https://t.co/1uWpz1e8qk https://t.co/X40iSR1yQI,@CNN,2018-08-28 23:21:13+00:00,-0.5423,0.0,0.759,0.241
210,"Nearly 2.3 million cases of chlamydia, gonorrhea and syphilis were diagnosed in the United States in 2017, accordin‚Ä¶ https://t.co/maxaNUMjFK",@CNN,2018-08-28 23:21:05+00:00,0.4215,0.135,0.865,0.0
211,Uber is pivoting to e-bikes and scooters for short rides as its business model changes https://t.co/dNd7pCDFJj https://t.co/15LLZcTKrf,@CNN,2018-08-28 23:18:11+00:00,0.0,0.0,1.0,0.0
212,"Usually, politics and slime go hand-in-hand. ""Sliming"" a political opponent is well-worn tradition, after all.

But‚Ä¶ https://t.co/G3Gwd9uP5W",@CNN,2018-08-28 23:16:23+00:00,0.0,0.0,1.0,0.0
213,"RT @OutFrontCNN: ""This is a President that seems like he is lashing out at anyone and I think it's because the walls are closing in,"" says‚Ä¶",@CNN,2018-08-28 23:13:53+00:00,0.3612,0.098,0.902,0.0
214,Senate Majority Leader Mitch McConnell cut a deal with Democratic leaders in the upper chamber to clear a slate of‚Ä¶ https://t.co/Zn2gj4cf3g,@CNN,2018-08-28 23:11:03+00:00,0.128,0.12,0.783,0.097
215,"RT @OutFrontCNN: It's election day in Arizona, Florida, and Oklahoma. Follow for live updates. https://t.co/GxZ8IRdS3v https://t.co/J1Iz5Nt‚Ä¶",@CNN,2018-08-28 23:07:20+00:00,0.0,0.0,1.0,0.0
216,Mike Pence's plan to outlast Trump | By Michael D'Antonio and Peter Eisner via @CNNOpinion https://t.co/nFaFZcR7Hv https://t.co/2mRdKYTCX3,@CNN,2018-08-28 23:01:04+00:00,0.0,0.0,1.0,0.0
217,Researchers used a manned submersible to bring back the first images of a deep-sea coral reef off the coast of Sout‚Ä¶ https://t.co/cb4QFVHJAR,@CNN,2018-08-28 23:01:00+00:00,0.0,0.0,1.0,0.0
218,Sofia Sanchez had two wishes for her 11th birthday. The first came true earlier this month when Drake surprised her‚Ä¶ https://t.co/UPLxJCXx5r,@CNN,2018-08-28 22:52:07+00:00,0.6486,0.259,0.741,0.0
219,GoPro CEO Nick Woodman says the company hasn't been hit by President Trump's tariffs against China yet -- but they‚Ä¶ https://t.co/XRwSYMsDU0,@CNN,2018-08-28 22:45:00+00:00,0.0,0.0,1.0,0.0
220,A former police officer in the Dallas suburb of Balch Springs was found guilty of murder in the shooting of Jordan‚Ä¶ https://t.co/L0TkbxwxUm,@CNN,2018-08-28 22:43:21+00:00,-0.8176,0.0,0.717,0.283
221,"RT @CNNSitRoom: ""This President has to be willing to accept the will of the American people when it comes to an election, and stop threaten‚Ä¶",@CNN,2018-08-28 22:38:34+00:00,0.1027,0.094,0.827,0.079
222,The owner of a company that builds 3D-printed guns said he has begun selling blueprints of the weapons to elude a c‚Ä¶ https://t.co/i8RlYoOzEA,@CNN,2018-08-28 22:35:13+00:00,-0.4404,0.0,0.873,0.127
223,RT @CNNSitRoom: Democratic Senator Blumenthal says he‚Äôs talked to a number of Republican colleagues and thinks ‚Äùthere would be holy hell to‚Ä¶,@CNN,2018-08-28 22:30:48+00:00,-0.6486,0.052,0.763,0.185
224,"Meet the Arab superhero fighting crime and smashing stereotypes. Emara doesn't wear spandex, skintight leather or m‚Ä¶ https://t.co/T2BkzI0arL",@CNN,2018-08-28 22:30:00+00:00,-0.7184,0.0,0.727,0.273
225,"Veteran David Carrasco gave his own Vietnam War medallion to the late Sen. John McCain's wife, Cindy McCain, outsid‚Ä¶ https://t.co/CwUpC3f6gA",@CNN,2018-08-28 22:28:51+00:00,-0.5994,0.0,0.83,0.17
226,"Illinois authorities are investigating allegations of neglect after a fire in Chicago killed 10 children, officials‚Ä¶ https://t.co/7cQ4IhdTOK",@CNN,2018-08-28 22:25:07+00:00,-0.872,0.0,0.568,0.432
227,"Facing scrutiny for hush money payments to a porn star and a former Playboy model, Trump pleaded with evangelical l‚Ä¶ https://t.co/wqs33Je3GO",@CNN,2018-08-28 22:20:05+00:00,0.0,0.0,1.0,0.0
228,Senate Republicans are sending decidedly mixed messages about how they feel about the future of Attorney General Je‚Ä¶ https://t.co/aZufhL6bgH,@CNN,2018-08-28 22:15:15+00:00,0.0,0.0,1.0,0.0
229,"It's election day in Arizona, Florida, and Oklahoma. Follow for live updates. https://t.co/ufORF8aN3n https://t.co/2La3w5ES7x",@CNN,2018-08-28 22:11:48+00:00,0.0,0.0,1.0,0.0
230,HBO has quietly dropped erotic late-night programming from its lineup https://t.co/h5A8TbI0d0 https://t.co/xAo7NNNSbL,@CNN,2018-08-28 21:50:07+00:00,0.0,0.0,1.0,0.0
231,JPMorgan just made another high-profile artificial intelligence hire https://t.co/QxeypaK99l https://t.co/Fi7Mj3hzSp,@CNN,2018-08-28 21:40:10+00:00,0.4767,0.256,0.744,0.0
232,"Without evidence, Trump reiterated claims about Google's search results, saying the company is ""taking advantage of‚Ä¶ https://t.co/4TAekVTE8w",@CNN,2018-08-28 21:35:00+00:00,0.25,0.111,0.889,0.0
233,Bubble gum-flavored children's Advil is being recalled after customer complaints identified that the dosage cup pro‚Ä¶ https://t.co/GzQkiLagWL,@CNN,2018-08-28 21:30:09+00:00,-0.4019,0.0,0.856,0.144
234,"Canada looks to join the US-Mexico trade talks, but Prime Minister Justin Trudeau says he will only sign a new deal‚Ä¶ https://t.co/f7KWE2EP5i",@CNN,2018-08-28 21:29:22+00:00,0.1531,0.074,0.926,0.0
235,"A day out from their big-ticket debate, a leaked email has brought up the temperature in the race between New York‚Ä¶ https://t.co/tOBU6p437p",@CNN,2018-08-28 21:25:05+00:00,-0.3182,0.0,0.892,0.108
236,John McCain's goodbye is in classic tradition of George Washington's Farewell Address | By John Avlon via‚Ä¶ https://t.co/N20oEjUFqJ,@CNN,2018-08-28 21:20:09+00:00,0.0,0.0,1.0,0.0
237,"UN Secretary General addresses the body's Security Council regarding the Rohingya refugee crisis, calling for the M‚Ä¶ https://t.co/jmZ6SzmjCy",@CNN,2018-08-28 21:15:03+00:00,-0.4019,0.107,0.711,0.182
238,"A 9-year-old ended his own life on Thursday, shortly after coming out as gay and being bullied at school, according‚Ä¶ https://t.co/6CA5J2nxad",@CNN,2018-08-28 21:10:07+00:00,-0.6249,0.0,0.823,0.177
239,Elon Musk is lashing out on Twitter again https://t.co/FsmJvIngcP https://t.co/N1eC508CRK,@CNN,2018-08-28 21:00:14+00:00,0.0,0.0,1.0,0.0
240,The top elections official in Arizona's most populous county said he will petition to extend voting hours in the pr‚Ä¶ https://t.co/RhO0mV4Sv0,@CNN,2018-08-28 20:55:04+00:00,0.3612,0.156,0.844,0.0
241,Country music stars were tweeting bright and early after the nominations for the 2018 CMA Awards were announced‚Ä¶ https://t.co/AvD492IvHc,@CNN,2018-08-28 20:50:04+00:00,0.7096,0.258,0.742,0.0
242,"GOP Sen. Lindsey Graham this week argued that President Trump deserves to replace Attorney General Jeff Sessions, s‚Ä¶ https://t.co/5gQAie2tx0",@CNN,2018-08-28 20:40:04+00:00,-0.3612,0.0,0.878,0.122
243,"RT @TheLeadCNN: ‚ÄúLindsey Graham, in a very unfortunate way in my opinion, has decided to carry water for Trump ‚Äì for whatever reason, he th‚Ä¶",@CNN,2018-08-28 20:38:51+00:00,-0.5095,0.0,0.87,0.13
244,"Whole Foods doesn't look much different since Amazon bought it a year ago, but incumbents like Walmart, Kroger, Cos‚Ä¶ https://t.co/ElGGwqwBjL",@CNN,2018-08-28 20:30:07+00:00,0.5574,0.213,0.787,0.0
245,"This is how Ruth Bader Ginsburg, the oldest sitting Supreme Court Justice, stays in shape. She attributes her long‚Ä¶ https://t.co/E3sd6jOm1p",@CNN,2018-08-28 20:25:00+00:00,0.7906,0.28,0.72,0.0
246,RT @CNNMoney: S&amp;P 500 gains a fraction of a point. Nasdaq gains 0.2%. Dow finishes up 14 points. https://t.co/E9IkqtvczQ,@CNN,2018-08-28 20:20:44+00:00,0.5859,0.242,0.758,0.0
247,"A dozen prisoners have died in the custody of Mississippi authorities this month and, with the exception of two dea‚Ä¶ https://t.co/JuBp9bt2qu",@CNN,2018-08-28 20:20:04+00:00,-0.7845,0.0,0.723,0.277
248,"Without evidence, Trump reiterated claims about Google's search results, saying the company is ""taking advantage of‚Ä¶ https://t.co/leGoaC1RUF",@CNN,2018-08-28 20:16:54+00:00,0.25,0.111,0.889,0.0
249,"The US Food and Drug Administration has again expanded the list of recalled medications that contain valsartan, use‚Ä¶ https://t.co/pFICM2zkWz",@CNN,2018-08-28 20:10:10+00:00,0.0,0.0,1.0,0.0
250,"Sen. Lindsey Graham took to the Senate floor to give an emotional farewell to his friend and colleague, Sen. John M‚Ä¶ https://t.co/SgOTTnb1UX",@CNN,2018-08-28 20:05:03+00:00,0.5859,0.194,0.806,0.0
251,"The newspaper industry has been fighting tariffs on Canadian paper for months, claiming that they will devastate an‚Ä¶ https://t.co/csHvCRvt4f",@CNN,2018-08-28 20:00:12+00:00,-0.765,0.0,0.72,0.28
252,A federal court's rejection of North Carolina's GOP-rigged congressional district map has thrown in doubt 13 voting‚Ä¶ https://t.co/3o7QCOfp2V,@CNN,2018-08-28 19:40:09+00:00,-0.7184,0.0,0.714,0.286
253,The police officer who fatally shot an unarmed black man in Tulsa now teaches a course on how other cops can 'survi‚Ä¶ https://t.co/JU9By8rEsE,@CNN,2018-08-28 19:30:07+00:00,-0.6369,0.0,0.833,0.167
254,Slowed new construction and a short supply of existing homes for sale have pushed housing prices so high that buyer‚Ä¶ https://t.co/bWZHWaDkSK,@CNN,2018-08-28 19:20:07+00:00,0.0,0.0,1.0,0.0
255,"""John taught us how to lose. ... He failed a lot but he never quit."" Sen. Lindsey Graham pays emotional tribute to‚Ä¶ https://t.co/oSobdv1y8M",@CNN,2018-08-28 19:11:18+00:00,-0.2732,0.076,0.763,0.161
256,"RT @CNNPolitics: ""I learned that serving a cause greater than yourself hurts,"" a tearful Sen. Lindsey Graham says. ""He couldn't put his jac‚Ä¶",@CNN,2018-08-28 19:10:38+00:00,0.3612,0.111,0.889,0.0
257,Don't be fooled: Democrats' rule changes on superdelegates don't change much of anything | Analysis by @CillizzaCNN‚Ä¶ https://t.co/vMEzaYhANG,@CNN,2018-08-28 19:10:05+00:00,0.2924,0.12,0.88,0.0
258,"RT @CNNPolitics: ""Love: Not a word often associated with Senator McCain. But it should be. Because if you were loved by him, you knew it,""‚Ä¶",@CNN,2018-08-28 19:01:02+00:00,0.5994,0.145,0.855,0.0
259,"""I do not cry for a perfect man. I cry for a man who had honor and always was willing to admit to his imperfection,‚Ä¶ https://t.co/Bacv1Xv9oo",@CNN,2018-08-28 19:00:27+00:00,0.7278,0.325,0.579,0.096
260,"The Vatican knew of a cover-up involving abusive priests, Pennsylvania attorney general says https://t.co/ukYaN3LeVo https://t.co/U7oUvxyJdk",@CNN,2018-08-28 19:00:09+00:00,-0.7506,0.0,0.652,0.348
261,"RT @CNNPolitics: Sen. Lindsey Graham jokes about his tie during his Senate floor tribute to his friend John McCain: ""This is a Naval Academ‚Ä¶",@CNN,2018-08-28 18:50:26+00:00,0.6369,0.198,0.802,0.0
262,The owner of a company that builds 3D-printed guns said he has begun selling blueprints of the weapons to elude a c‚Ä¶ https://t.co/MuF0SKhQ7K,@CNN,2018-08-28 18:50:06+00:00,-0.4404,0.0,0.873,0.127
263,Teacher strikes cancel the first day of school in two Washington state districts -- and more strikes could follow i‚Ä¶ https://t.co/VxaRkN2Wyn,@CNN,2018-08-28 18:40:10+00:00,-0.7184,0.0,0.72,0.28
264,"Instagram has announced three new features related to safety on the platform, including providing more details abou‚Ä¶ https://t.co/WjOMhtAS6G",@CNN,2018-08-28 18:30:12+00:00,0.4215,0.141,0.859,0.0
265,"Sen. Lindsey Graham honors John McCain with a speech from the Senate floor. https://t.co/UYpqI3w42L

Watch on Faceb‚Ä¶ https://t.co/palVYXvRTy",@CNN,2018-08-28 18:24:36+00:00,0.5106,0.171,0.829,0.0
266,The government is starting to pay farmers that have been hurt by the fallout of President Trump's widening trade fe‚Ä¶ https://t.co/HFAljLOash,@CNN,2018-08-28 18:20:04+00:00,-0.5859,0.0,0.798,0.202
267,"Nearly 2.3 million cases of chlamydia, gonorrhea and syphilis were diagnosed in the United States in 2017, accordin‚Ä¶ https://t.co/NIVj5Dt0uc",@CNN,2018-08-28 18:10:07+00:00,0.4215,0.135,0.865,0.0
268,"President Trump has renewed his claims of bias against conservatives on the internet, accusing Google of rigging it‚Ä¶ https://t.co/2ALJIINaV7",@CNN,2018-08-28 18:00:02+00:00,-0.2732,0.0,0.846,0.154
269,Students are learning and experimenting inside Google's virtual labs https://t.co/67I3wkr9GM https://t.co/Q7q0zgWr4C,@CNN,2018-08-28 17:50:07+00:00,0.0,0.0,1.0,0.0
270,EA Sports is canceling three remaining Madden Classic qualifier events to review safety protocols after a deadly sh‚Ä¶ https://t.co/6vUGIOg6WH,@CNN,2018-08-28 17:40:05+00:00,0.4215,0.141,0.859,0.0
271,A mother was shoved into the path of an oncoming train. Her daughter jumped onto tracks to save her.‚Ä¶ https://t.co/9GIoXUKbZk,@CNN,2018-08-28 17:30:05+00:00,0.4939,0.151,0.849,0.0
272,10 John McCain quotes about defeat and determination https://t.co/J7jt6FgnYu https://t.co/Si6WxtlNmn,@CNN,2018-08-28 17:20:05+00:00,-0.0772,0.197,0.584,0.219
273,Kenya has introduced a new anti-poaching technique involving specially-trained sniffer dogs to crack down on illega‚Ä¶ https://t.co/iZ9oMbfnhM,@CNN,2018-08-28 17:10:09+00:00,0.0,0.0,1.0,0.0
274,The shooter who killed two people and wounded 10 others before taking his own life at an e-sports tournament in Jac‚Ä¶ https://t.co/MLByifWnOy,@CNN,2018-08-28 17:00:07+00:00,-0.6705,0.0,0.824,0.176
275,"French President Emmanuel Macron says Europe can ""no longer rely"" on the US for security https://t.co/J7VSsdDhyQ https://t.co/JBaeYyKDVz",@CNN,2018-08-28 16:50:09+00:00,0.0516,0.122,0.765,0.112
276,Sofia Sanchez had two wishes for her 11th birthday. The first came true earlier this month when Drake surprised her‚Ä¶ https://t.co/q5H51xv17h,@CNN,2018-08-28 16:41:05+00:00,0.6486,0.259,0.741,0.0
277,"Hurricane Maria caused an estimated 2,975 deaths in Puerto Rico, a new report shows. Researchers calculated excess‚Ä¶ https://t.co/wt9DcZDqYZ",@CNN,2018-08-28 16:30:08+00:00,0.0,0.0,1.0,0.0
278,Researchers used a manned submersible to bring back the first images of a deep-sea coral reef off the coast of Sout‚Ä¶ https://t.co/FtwSF8MOQZ,@CNN,2018-08-28 16:20:00+00:00,0.0,0.0,1.0,0.0
279,The stories behind 5 of Aretha Franklin's biggest songs https://t.co/gaZyd1ontY https://t.co/Z7RxRaX1sC,@CNN,2018-08-28 16:10:06+00:00,0.0,0.0,1.0,0.0
280,A man was being held by French police Tuesday over an attack last month on a woman in the center of Paris that was‚Ä¶ https://t.co/u7NzKcOslY,@CNN,2018-08-28 16:00:09+00:00,-0.4767,0.0,0.876,0.124
281,The preliminary US-Mexico trade deal marks the beginning of what could be a stronger and more modern NAFTA -- as we‚Ä¶ https://t.co/PfAeGjPQDu,@CNN,2018-08-28 15:50:07+00:00,0.3818,0.115,0.885,0.0
282,Health care was the top issue referenced in campaign advertisements ahead of the US Senate primaries in Arizona and‚Ä¶ https://t.co/YagPGvkDrO,@CNN,2018-08-28 15:40:02+00:00,0.6124,0.217,0.783,0.0
283,"Gun-related homicides and suicides kill more people than war, according to a study https://t.co/7FbypECrPV https://t.co/W8TASiHtz6",@CNN,2018-08-28 15:30:07+00:00,-0.8709,0.0,0.575,0.425
284,"Top North Korean officials warned the United States in a letter that denuclearization talks are ""again at stake and‚Ä¶ https://t.co/OKsCGQfR8T",@CNN,2018-08-28 15:20:07+00:00,0.3612,0.203,0.705,0.093
285,"President Trump has renewed his claims of bias against conservatives on the internet, accusing Google of rigging it‚Ä¶ https://t.co/ssseAw7Hm9",@CNN,2018-08-28 15:10:06+00:00,-0.2732,0.0,0.846,0.154
286,"The Vatican knew of a cover-up involving abusive priests, Pennsylvania attorney general says https://t.co/D6enW5xMa6 https://t.co/aBHmDtGfvM",@CNN,2018-08-28 15:00:09+00:00,-0.7506,0.0,0.652,0.348
287,"He competes in kitesurfing competitions around the world, making a name for himself and the place where he was rais‚Ä¶ https://t.co/zJ6pt7xLDO",@CNN,2018-08-28 15:00:00+00:00,0.0,0.0,1.0,0.0
288,The shooter who killed two people and wounded 10 others before taking his own life at an e-sports tournament in Jac‚Ä¶ https://t.co/VL1TpNUrl6,@CNN,2018-08-28 14:50:06+00:00,-0.6705,0.0,0.824,0.176
289,A mother and her lawyers allege that ICE and those running an immigration facility in Texas provided substandard me‚Ä¶ https://t.co/wVGzMxKjmV,@CNN,2018-08-28 14:40:11+00:00,0.0,0.0,1.0,0.0
290,"After living her entire life with cystic fibrosis, Claire Wineland worked hard to get on the lung transplant list,‚Ä¶ https://t.co/Og0bQoczMb",@CNN,2018-08-28 14:32:16+00:00,-0.1027,0.0,0.931,0.069
291,Debunking President Trump's latest conspiracy theory on Google | Analysis by @CillizzaCNN https://t.co/RxBkwb5WGy https://t.co/Umo9W4dg30,@CNN,2018-08-28 14:18:03+00:00,-0.5267,0.0,0.779,0.221
292,GoPro CEO Nick Woodman says the company hasn't been hit by President Trump's tariffs against China yet -- but they‚Ä¶ https://t.co/lkRqCiMoXJ,@CNN,2018-08-28 14:05:47+00:00,0.0,0.0,1.0,0.0
293,"RT @CNNnewsroom: ""To understand Aretha, is to understand your soul"" - Fans line up to pay respects to Aretha Franklin https://t.co/WD9dNwR5‚Ä¶",@CNN,2018-08-28 13:55:52+00:00,0.2263,0.106,0.829,0.065
294,"This South African master of movement is inspiring people to look into themselves, which may give them greater appr‚Ä¶ https://t.co/UF5LbtDanb",@CNN,2018-08-28 13:51:00+00:00,0.6486,0.227,0.773,0.0
295,"Sen. Lindsey Graham says President Trump's relationship with Jeff Sessions is ""beyond repair"" and suggests that the‚Ä¶ https://t.co/LuKuTB3s1E",@CNN,2018-08-28 13:40:09+00:00,0.0,0.0,1.0,0.0
296,"Odell Beckham, Jr. just became the highest-paid wide receiver in the NFL https://t.co/awVUOww8gn https://t.co/JQoJW0Lldh",@CNN,2018-08-28 13:31:52+00:00,0.0,0.0,1.0,0.0
297,"Florida and Arizona are holding primaries today, teeing up the House and Senate races that will be critical to the‚Ä¶ https://t.co/jfKoiyMouV",@CNN,2018-08-28 13:30:14+00:00,-0.3182,0.0,0.897,0.103
298,"Air pollution could be more damaging to our health than previously thought, according to a new study, which found t‚Ä¶ https://t.co/XJeaYvk0SY",@CNN,2018-08-28 13:20:10+00:00,-0.5563,0.0,0.841,0.159
299,"The Chinese government could be moving to end birth restrictions, amid growing concerns over an aging population an‚Ä¶ https://t.co/bO2IHRgi8P",@CNN,2018-08-28 13:10:04+00:00,0.1779,0.086,0.914,0.0
300,"It's almost time for sweater weather, pumpkin spice lattes, and CBS Fall TV premieres. Check out the storylines for‚Ä¶ https://t.co/BpgDyYl8fc",@CBS,2018-08-27 23:36:57+00:00,0.0,0.0,1.0,0.0
301,RT @cbsallaccess: #NFL preseason coverage is here! üèà The Detroit @Lions battle the Tampa Bay @Buccaneers tonight at 8PM ET. Stream the game‚Ä¶,@CBS,2018-08-24 20:30:16+00:00,-0.4389,0.0,0.879,0.121
302,"@bigbangtheory üé∂...happy kitty, sleepy kitty, purr purr purrüé∂ #TheBigBangTheory https://t.co/sEObppGJlZ",@CBS,2018-08-22 20:55:25+00:00,0.0,0.0,1.0,0.0
303,"This is going to require multiple singings of ""Soft Kitty."" https://t.co/UdRGNeQ7Lb",@CBS,2018-08-22 20:10:12+00:00,0.0,0.0,1.0,0.0
304,Got to get more of the @PaulMcCartney #CarpoolKaraoke into your life? @latelateshow produced an hour-long bonus spe‚Ä¶ https://t.co/DjPqajo6Xn,@CBS,2018-08-20 21:59:56+00:00,0.5423,0.171,0.829,0.0
305,"How much does it cost to bury the truth? 
#OneDollar premieres August 30, exclusively on CBS All Access. https://t.co/ZL5TBH9ro5",@CBS,2018-08-17 17:42:02+00:00,0.3182,0.113,0.887,0.0
306,Things got carried away when @ArianaGrande joined @latelateshow for #CarpoolKaraoke. So did Ariana. #ArianaCarpool https://t.co/WSZcC0TaYz,@CBS,2018-08-16 18:40:09+00:00,0.0,0.0,1.0,0.0
307,RT @cbsallaccess: Murder mystery set in a small town? We're in. Rediscover the genius of original #TwinPeaks co-creators @DAVID_LYNCH and @‚Ä¶,@CBS,2018-08-16 00:09:03+00:00,-0.5267,0.092,0.72,0.188
308,New start times for @60Minutes 7:20ET/6:20CT @CBSBigBrother 8:20ET/7:20CT @NCISLA 9:20ET/8:20CT @Elementary_CBS 10:‚Ä¶ https://t.co/Op9VcDsREa,@CBS,2018-08-12 23:30:02+00:00,0.0,0.0,1.0,0.0
309,Clear your schedules for the 100th #PGAChamp! Stream the Final Round LIVE on @cbsallaccess at 2 PM ET across all de‚Ä¶ https://t.co/m6bH2pKTUN,@CBS,2018-08-12 15:04:59+00:00,0.4389,0.126,0.874,0.0
310,The fortune teller you‚Äôll meet this Saturday lived a life of luxury... by scamming her victims out of hundreds of t‚Ä¶ https://t.co/fJo6F2Eo5p,@CBS,2018-08-11 18:00:00+00:00,-0.3182,0.0,0.897,0.103
311,The 100th PGA Championship continues today! Stream it LIVE on @cbsallaccess at 2PM ET across all devices. Try 1 Wee‚Ä¶ https://t.co/jbMg06eOND,@CBS,2018-08-11 15:00:02+00:00,0.4926,0.144,0.856,0.0
312,"To celebrate the 100th PGA Championship, relive some of the tournament's greatest moments with Luke Wilson. 

Don't‚Ä¶ https://t.co/wUuB93smr4",@CBS,2018-08-10 22:28:55+00:00,0.8957,0.419,0.581,0.0
313,"RT @TrueCrimeCBS: When Glenn Walp and Steve Doran uncovered theft at the Los Alamos National Laboratory, they HAD to blow their whistles. W‚Ä¶",@CBS,2018-08-10 19:59:14+00:00,0.0,0.0,1.0,0.0
314,Want to create your own @CBSBigBrother or @TKOCBS meme using one the photos here? It‚Äôs your lucky day! Head over to‚Ä¶ https://t.co/JHJWykNkQT,@CBS,2018-08-09 21:00:00+00:00,0.6696,0.255,0.745,0.0
315,Time to celebrate! Your favorite Daytime shows will premiere with new seasons this fall. See all of the @CBSDaytime‚Ä¶ https://t.co/GNkK4Zf2kD,@CBS,2018-08-09 18:47:00+00:00,0.7901,0.28,0.72,0.0
316,"Love is in the air, and the water! International smash hit #LoveIsland is coming to CBS. https://t.co/nepabuNoSU https://t.co/Cxgvkv463u",@CBS,2018-08-08 16:05:11+00:00,0.6696,0.209,0.791,0.0
317,The Executive Producers of @CBSBigBrother are teaming up with @KingJames and @MavCarter for an unprecedented televi‚Ä¶ https://t.co/V88bDeHmQs,@CBS,2018-08-07 16:06:57+00:00,0.0,0.0,1.0,0.0
318,"RT @cbsallaccess: Executive Producer of Tell Me A Story, @kevwilliamson, says ""What I like about the show, there‚Äôs nothing else on TV like‚Ä¶",@CBS,2018-08-06 00:20:55+00:00,0.3612,0.111,0.889,0.0
319,RT @TheNeighborhood: Feel the love in this new teaser for #TheNeighborhood from the #CBS #TCA18! ü§ó https://t.co/rPmCozH5XP,@CBS,2018-08-06 00:07:38+00:00,0.5411,0.219,0.683,0.098
320,RT @TheNeighborhood: Find out why Cedric the Entertainer and the cast think #TheNeighborhood is the kind of show that everyone can relate t‚Ä¶,@CBS,2018-08-06 00:02:58+00:00,0.3818,0.106,0.894,0.0
321,That's all for our #CBS #TCA18 panels! Tune in this fall to watch all your favorite new shows. üôå https://t.co/hM85o9eRi8,@CBS,2018-08-06 00:02:02+00:00,0.5093,0.155,0.845,0.0
322,"RT @MagnumPICBS: ""If there was ever a time to bring back #MagnumPI, it's now."" - @PLenkov 
#CBS #TCA2018",@CBS,2018-08-05 23:58:41+00:00,0.0,0.0,1.0,0.0
323,"RT @MagnumPICBS: ""There are a lot of easter eggs from the original that fans from the original series will love, and they're peppered throu‚Ä¶",@CBS,2018-08-05 23:44:39+00:00,0.8316,0.306,0.694,0.0
324,"RT @MagnumPICBS: ""What we are trying to do is introduce the show to a new audience...it's going to open it up for anyone that's new and the‚Ä¶",@CBS,2018-08-05 23:41:21+00:00,0.0,0.0,1.0,0.0
325,"RT @MagnumPICBS: ""This has been my white whale since I was a kid. I always loved #MagnumPI. Putting words in Magnum's mouth is something I'‚Ä¶",@CBS,2018-08-05 23:35:49+00:00,0.5994,0.157,0.843,0.0
326,RT @MagnumPICBS: It's #MagnumPI time at the #CBS #TCA2018! Follow along as we live tweet the panel!,@CBS,2018-08-05 23:35:46+00:00,0.0,0.0,1.0,0.0
327,RT @happytogether: Thanks for following along! That concludes the #HappyTogether panel at the #CBS #TCA2018! @MagnumPICBS is up next!,@CBS,2018-08-05 23:16:25+00:00,0.5826,0.173,0.827,0.0
328,"RT @happytogether: Question: Even though you're not playing @Harry_Styles, did you do a Harry crash course?
@itsfelixwot: Absolutely not. C‚Ä¶",@CBS,2018-08-05 23:12:39+00:00,-0.5093,0.0,0.798,0.202
329,"RT @happytogether: ""The show is about marriage, it's about getting a bit older, it's about youthfulness, it's about something happening and‚Ä¶",@CBS,2018-08-05 23:10:20+00:00,0.0,0.0,1.0,0.0
330,"RT @happytogether: ""It's always good to have a little bit of truth in whatever you're making.""- @wayansjr 

#HappyTogether #CBS #TCA2018",@CBS,2018-08-05 23:05:58+00:00,0.6041,0.225,0.775,0.0
331,"RT @happytogether: ""I thought I was still young and cool until I met @itsfelixwot!"" -@AmberoniStevens #HappyTogether #CBS #TCA2018",@CBS,2018-08-05 23:01:25+00:00,0.3802,0.147,0.853,0.0
332,"RT @happytogether: ""We never wanted to create a show where people think ""Oh, did @Harry_Styles do that?"" -@benwinston on emphasizing that #‚Ä¶",@CBS,2018-08-05 22:58:41+00:00,-0.2057,0.0,0.917,0.083
333,RT @happytogether: .@wayansjr is quick to point out that the characters in #HappyTogether are fictional. #CBS #TCA2018,@CBS,2018-08-05 22:58:36+00:00,0.0,0.0,1.0,0.0
334,"RT @happytogether: ""@Harry_Styles became part of the family. We didn't want him to move out."" -@benwinston #CBS #HappyTogether #TCA18",@CBS,2018-08-05 22:53:12+00:00,-0.0572,0.0,0.936,0.064
335,"RT @happytogether: ""It's about Cooper who wants nothing but normality and a boring life, and Jake and Claire, who want more excitement."" -@‚Ä¶",@CBS,2018-08-05 22:52:24+00:00,-0.3612,0.059,0.82,0.121
336,"RT @happytogether: ""It's loosely inspired (by the time @Harry_Styles lived with @benwinston), because if we put what actually happened on t‚Ä¶",@CBS,2018-08-05 22:49:06+00:00,0.4939,0.138,0.862,0.0
337,RT @happytogether: It's time for the #HappyTogether panel at the #CBS #TCA18! Follow along here!,@CBS,2018-08-05 22:46:49+00:00,0.0,0.0,1.0,0.0
338,RT @GodFriendedMe: Thanks for following along during the #GodFriendedMe panel at #CBS #TCA18‚Äî@HappyTogether is up next!,@CBS,2018-08-05 22:32:37+00:00,0.4926,0.175,0.825,0.0
339,"RT @GodFriendedMe: ""You don't have to believe in God to believe in good."" üôå@JOEtheMORTON¬†#GodFriendedMe #CBS",@CBS,2018-08-05 22:32:30+00:00,0.2732,0.123,0.877,0.0
340,RT @GodFriendedMe: ‚ÄúIt‚Äôs incredibly important to us that we‚Äôre not a show that‚Äôs preachy or judgmental. Whether you believe or don‚Äôt believ‚Ä¶,@CBS,2018-08-05 22:16:36+00:00,0.2716,0.095,0.905,0.0
341,"RT @GodFriendedMe: ""Our feet are on the ground. Our characters are not angels, they‚Äôre not heavenly, they‚Äôre just real people. The 'opposin‚Ä¶",@CBS,2018-08-05 22:16:29+00:00,-0.4973,0.0,0.867,0.133
342,RT @GodFriendedMe: Follow along with us as we live-tweet the #GodFriendedMe panel at #CBS #TCA18 with stars @hall_m_brandon @violettbeane @‚Ä¶,@CBS,2018-08-05 22:16:19+00:00,0.0,0.0,1.0,0.0
343,"RT @cbsallaccess: From the writer of Scream, The Vampire Diaries and The Following, comes a modern day twist on classic fairy tales. 

#Tel‚Ä¶",@CBS,2018-08-05 22:05:44+00:00,-0.4019,0.0,0.886,0.114
344,"RT @cbsallaccess: Small town. Big murder. Follow the Money. 

#OneDollar premieres August 30, exclusively on CBS All Access. https://t.co/T‚Ä¶",@CBS,2018-08-05 22:00:47+00:00,-0.6908,0.0,0.793,0.207
345,RT @cbsallaccess: That's a wrap on the #TellMeAStory panel! @GodFriendedMe is up next! #TCA18 #CBSAllAccess,@CBS,2018-08-05 21:48:41+00:00,0.0,0.0,1.0,0.0
346,"RT @cbsallaccess: ""What I love about New York City - besides being the best city in the world - it's textural, it's real, it has everything‚Ä¶",@CBS,2018-08-05 21:48:36+00:00,0.8555,0.286,0.714,0.0
347,RT @cbsallaccess: Who's ready to see @KimCattrall play @daniellemcam's (AKA Little Red Riding Hood) grandmother? #TellMeAStory #TCA18 #CBSA‚Ä¶,@CBS,2018-08-05 21:48:29+00:00,0.5994,0.234,0.766,0.0
348,"RT @cbsallaccess: ""What I like about this show is that there's nothing else on TV like it right now."" -@kevwilliamson #TellMeAStory #TCA18‚Ä¶",@CBS,2018-08-05 21:31:15+00:00,0.6124,0.208,0.792,0.0
349,"RT @MurphyBrownCBS: According to Candice Bergen and Diane English, there's never been a more perfect time to revive #MurphyBrown! https://t‚Ä¶",@CBS,2018-08-05 20:58:52+00:00,-0.2748,0.105,0.742,0.153
350,"RT @MurphyBrownCBS: #MurphyBrown has always been a political show, and that won't change! Read on about how the show plans to cover hot top‚Ä¶",@CBS,2018-08-05 20:56:17+00:00,0.0,0.0,1.0,0.0
351,"RT @FBICBS: ""People are going to get a very realistic view of how that office operates and the stresses. It's a zero-tolerance FBI office.‚Ä¶",@CBS,2018-08-05 20:10:33+00:00,-0.4588,0.0,0.875,0.125
352,Stay tuned for more #CBS #TCA18 action! The @cbsallaccess panel is up next. üëçüèº https://t.co/fcjiEwpaN0,@CBS,2018-08-05 19:43:38+00:00,0.0,0.0,1.0,0.0
353,"RT @FBICBS: #FBIFam, this should cure your #SundayScaries! Check out the #FBI preview that was shown at the #CBS #TCA18 before the panel. h‚Ä¶",@CBS,2018-08-05 19:22:22+00:00,0.0,0.0,1.0,0.0
354,"RT @TheNeighborhood: ""Once we shot the pilot, we knew that we had a great show."" -@CedEntertainer #TheNeighborhood #CBS",@CBS,2018-08-05 19:21:28+00:00,0.6249,0.204,0.796,0.0
355,"RT @TheNeighborhood: ""It was so well done, as far as I was concerned, that it became a no brainer to do the show. I called the next morning‚Ä¶",@CBS,2018-08-05 19:16:45+00:00,0.1384,0.098,0.823,0.079
356,"RT @TheNeighborhood: ""This is a show about people. This is a show about families, neighbors, friendships... At its core, this is a show abo‚Ä¶",@CBS,2018-08-05 19:15:53+00:00,0.0,0.0,1.0,0.0
357,"RT @TheNeighborhood: We're here at the #CBS #TCA18 giving you the inside scoop on #TheNeighborhood with our stars @CedEntertainer, @Tichina‚Ä¶",@CBS,2018-08-05 18:54:24+00:00,0.4588,0.182,0.818,0.0
358,RT @MurphyBrownCBS: That's a wrap on the #MurphyBrown panel at #TCA18! @TheNeighborhood is up next! #CBS,@CBS,2018-08-05 18:01:09+00:00,0.0,0.0,1.0,0.0
359,"RT @MurphyBrownCBS: Diane English reveals ""We have an enormously famous person in our first episode,"" but keeps the secret under wraps! üôä #‚Ä¶",@CBS,2018-08-05 17:55:07+00:00,0.0,0.0,1.0,0.0
360,"RT @MurphyBrownCBS: Diane English talks about how to stay topically relevant while writing scripts ahead of time &amp; also said, ""We have an i‚Ä¶",@CBS,2018-08-05 17:51:13+00:00,0.0,0.0,1.0,0.0
361,RT @MurphyBrownCBS: All the feels! ‚ù§Ô∏è #MurphyBrown returns to #CBS this fall! https://t.co/OvQk3CV49W,@CBS,2018-08-05 17:47:01+00:00,0.0,0.0,1.0,0.0
362,"RT @MurphyBrownCBS: ""It's been very emotional for the old guys... We saw Murphy's townhouse and we all got tears in our eyes."" -Candice Ber‚Ä¶",@CBS,2018-08-05 17:39:48+00:00,-0.0018,0.073,0.853,0.074
363,"Stay tuned, because @MurphyBrownCBS is up next at the #CBS #TCA18! https://t.co/0qdjQiFrwW",@CBS,2018-08-05 17:28:37+00:00,0.0,0.0,1.0,0.0
364,"RT @FBICBS: ‚ÄúEven though I was scared to say yes, it was so clear you don‚Äôt say no. I knew I couldn‚Äôt say no. I couldn‚Äôt be more grateful,‚Ä¶",@CBS,2018-08-05 17:28:03+00:00,-0.0602,0.182,0.599,0.219
365,"RT @FBICBS: What's it like for @JeremySisto coming back to a Dick Wolf show?

""It's one of the most stable ships you can be on... It's exci‚Ä¶",@CBS,2018-08-05 17:27:46+00:00,0.1761,0.16,0.735,0.105
366,"RT @FBICBS: ""We're celebrating the troops on the ground... There are endless stories in there."" - Dick Wolf on why he wanted to focus the s‚Ä¶",@CBS,2018-08-05 17:27:41+00:00,0.1027,0.123,0.767,0.11
367,"RT @FBICBS: ‚ÄúIt‚Äôs really exciting to be here for the first time in a long, long, long, long time.‚Äù - Dick Wolf #CBS #TCA18",@CBS,2018-08-05 17:27:31+00:00,0.0498,0.13,0.746,0.123
368,Celebrate #NationalSistersDay with an iconic group of sisters! Watch how these three became part of The Brady Bunch‚Ä¶ https://t.co/nBVjxl4AbP,@CBS,2018-08-05 14:47:12+00:00,0.6114,0.182,0.818,0.0
369,RT @startrekcbs: Executive Producer Alex Kurtzman and @SirPatStew surprised fans today at #STLV with news that he will be returning to the‚Ä¶,@CBS,2018-08-04 22:57:37+00:00,0.2263,0.083,0.917,0.0
370,Watching a üíØ spin on @PriceIsRight never gets old‚Ä¶especially when it‚Äôs Mila Kunis! https://t.co/NPOukc3jPz,@CBS,2018-08-04 00:24:55+00:00,0.0,0.0,1.0,0.0
371,"RT @TrueCrimeCBS: The chances of successfully blowing the whistle are slim, but did a Wells Fargo personal banker beat the odds?

Find out‚Ä¶",@CBS,2018-08-03 22:34:08+00:00,0.6124,0.24,0.76,0.0
372,Celebrate #NationalAvocadoDay with @letsmakeadeal. ü•ë Relive this #LMAD moment when an avocado wins one amazing deal! https://t.co/QS8GLajWU5,@CBS,2018-07-31 21:02:33+00:00,0.9098,0.469,0.531,0.0
373,"Housewives. PTA moms. School volunteers. Starting TONIGHT, hear the stories of seemingly innocent women who put it‚Ä¶ https://t.co/5TA15OiTuh",@CBS,2018-07-28 16:43:56+00:00,0.34,0.124,0.876,0.0
374,"This is one allowance that can‚Äôt be beat! Kids are winning big this week on @PriceIsRight. üéâ
 https://t.co/lncKu9XvNo",@CBS,2018-07-25 17:25:36+00:00,0.5707,0.187,0.813,0.0
375,"Renowned artists Cher, Philip Glass, Reba McEntire, Wayne Shorter, and the co-creators of #Hamilton will be recogni‚Ä¶ https://t.co/PEjjI9MKE1",@CBS,2018-07-25 15:12:31+00:00,0.0,0.0,1.0,0.0
376,Who's excited for the return of @MurphyBrownCBS? Here's a behind-the-scenes look at the first table read of the sea‚Ä¶ https://t.co/1B5S4WJnCW,@CBS,2018-07-25 01:05:03+00:00,0.34,0.118,0.882,0.0
377,"Mark your calendars because you won‚Äôt want to miss this! Former Secretaries of State @HillaryClinton, @Madeleine, a‚Ä¶ https://t.co/JKDPp97OqN",@CBS,2018-07-24 18:54:14+00:00,-0.1511,0.068,0.834,0.099
378,The cast couldn‚Äôt be more excited to welcome @ansonmount into the @startrekcbs family! Who‚Äôs ready to see the iconi‚Ä¶ https://t.co/fOS4f4VCb2,@CBS,2018-07-23 21:30:33+00:00,0.8293,0.34,0.66,0.0
379,RT @startrekcbs: Stream the full panel &amp; learn all the exclusive details revealed about season 2 of #StarTrekDiscovery at @Comic_Con: https‚Ä¶,@CBS,2018-07-22 01:56:13+00:00,0.128,0.073,0.927,0.0
380,RT @MagnumPICBS: Couldn't make it to San Diego for the #MagnumPI panel? Here's everything you missed at #SDCC2018: https://t.co/Z7IBqF1YJ8‚Ä¶,@CBS,2018-07-21 00:55:28+00:00,-0.296,0.0,0.891,0.109
381,RT @bigbangtheory: The #BigBangTheory writers teased a honeymoon episode and more @YoungSheldon characters in Season 12 while speaking at #‚Ä¶,@CBS,2018-07-21 00:19:12+00:00,-0.296,0.0,0.891,0.109
382,"RT @TrueCrimeCBS: When you find out you‚Äôve been treated with chemo, but you don‚Äôt have cancer. #Whistleblower https://t.co/DAKwu1vcNX",@CBS,2018-07-21 00:10:00+00:00,-0.7964,0.0,0.736,0.264
383,George blew the whistle on a doctor targeting those who believed they had cancer. What was the outcome? Find out to‚Ä¶ https://t.co/rLlNzlK3Cy,@CBS,2018-07-20 23:44:54+00:00,-0.6597,0.0,0.82,0.18
384,"RT @startrekcbs: Discover the next adventure of Starfleet in this first look at the season 2 premiere, coming early 2019. Season 1 is now s‚Ä¶",@CBS,2018-07-20 22:29:36+00:00,0.3182,0.095,0.905,0.0
385,Take a trip down memory lane with the cast and crew of @MagnumPICBS at #SDCC2018! https://t.co/jHVxm7kyaT,@CBS,2018-07-20 21:39:09+00:00,0.0,0.0,1.0,0.0
386,"This @cbsallaccess series is unlike any fairy tale you've ever seen before. @paulwesley, @kevwilliamson &amp;‚Ä¶ https://t.co/icsSnPxKAr",@CBS,2018-07-20 15:08:23+00:00,0.0,0.0,1.0,0.0
387,ü§∞üë©‚Äçüëßüö´üç∏ #WorldEmojiDay,@CBS,2018-07-17 17:55:25+00:00,0.0,0.0,1.0,0.0
388,üë®üìù‚úîÔ∏è¬†#WorldEmojiDay,@CBS,2018-07-17 17:22:29+00:00,0.0,0.0,1.0,0.0
389,üë©‚Äçüíºüíºüá∫üá∏¬†#WorldEmojiDay,@CBS,2018-07-17 17:22:29+00:00,0.0,0.0,1.0,0.0
390,üïµÔ∏èüïµÔ∏è‚Äç‚ôÄÔ∏è¬†#WorldEmojiDay,@CBS,2018-07-17 17:22:29+00:00,0.0,0.0,1.0,0.0
391,‚öìÔ∏èü¶Öüá∫üá∏¬†#WorldEmojiDay,@CBS,2018-07-17 17:22:29+00:00,0.0,0.0,1.0,0.0
392,üèÑüå¥üöî¬†#WorldEmojiDay,@CBS,2018-07-17 17:22:29+00:00,0.0,0.0,1.0,0.0
393,üíôüëÆüçΩ¬†#WorldEmojiDay,@CBS,2018-07-17 17:22:28+00:00,0.0,0.0,1.0,0.0
394,üí£üìé¬†#WorldEmojiDay,@CBS,2018-07-17 17:22:28+00:00,0.0,0.0,1.0,0.0
395,üåé‚òÑÔ∏è¬†#WorldEmojiDay,@CBS,2018-07-17 17:22:28+00:00,0.0,0.0,1.0,0.0
396,üè∑üí∞üé∞¬†#WorldEmojiDay,@CBS,2018-07-17 17:22:28+00:00,0.0,0.0,1.0,0.0
397,üë∂üò¥üö´¬†#WorldEmojiDay,@CBS,2018-07-17 17:22:28+00:00,0.0,0.0,1.0,0.0
398,ü§ùüíºüí∞¬†#WorldEmojiDay,@CBS,2018-07-17 17:22:28+00:00,0.0,0.0,1.0,0.0
399,üíÑüë†üì∑¬†#WorldEmojiDay,@CBS,2018-07-17 17:22:27+00:00,0.0,0.0,1.0,0.0
400,"üê¢ Scientists have found new evidence confirming that turtles once lived without shells.
üëâ https://t.co/xLIFJNJdh1 https://t.co/VUcP8zguW7",@BBC,2018-08-28 18:56:05+00:00,0.0,0.0,1.0,0.0
401,A conversation with a homeless man inspired Stephen to attempt the unusual challenge of crossing the Alps on a spac‚Ä¶ https://t.co/w6h0Yhe5bf,@BBC,2018-08-28 18:03:04+00:00,0.5423,0.22,0.78,0.0
402,üòÇ If Britney's songs were Scottish. https://t.co/Em0LRQmbFt,@BBC,2018-08-28 16:01:02+00:00,0.0,0.0,1.0,0.0
403,"RT @BBCOne: Be careful who you trust.

#Bodyguard. Continues Sundays at 9pm on @BBCOne. Or available to watch on @BBCiPlayer: https://t.co/‚Ä¶",@BBC,2018-08-28 14:51:38+00:00,0.5994,0.205,0.795,0.0
404,"RT @BBCiPlayer: Watch the highlights from Reading and Leeds Festivals on BBC iPlayer üôå 
https://t.co/AfQl9nXavO https://t.co/KGbRUouFCZ",@BBC,2018-08-28 14:51:32+00:00,0.3612,0.152,0.848,0.0
405,"Once upon a time, two early humans of different ancestry met at a cave in Russia.

50,000 years later, scientists h‚Ä¶ https://t.co/oOCBlGLFqQ",@BBC,2018-08-28 13:02:04+00:00,0.0,0.0,1.0,0.0
406,@BBCTravelShow is on @BBCiPlayer now üëâ https://t.co/Sqn5y0xC80,@BBC,2018-08-28 12:48:59+00:00,0.0,0.0,1.0,0.0
407,üçÖ Neighbourhood gardens are providing important access to fresh food in urban areas. https://t.co/wLol6vY5rW,@BBC,2018-08-28 12:00:18+00:00,0.4767,0.272,0.728,0.0
408,"This sweet, sticky rice is hit 100 times with a mallet to create a delicious Japanese dessert. üçöüî® #TheTravelShow https://t.co/jLazGPrVH1",@BBC,2018-08-28 11:33:00+00:00,0.8316,0.37,0.63,0.0
409,üçØ Honey and over-the-counter meds should be the first line of treatment for most people with coughs to avoid antibi‚Ä¶ https://t.co/di9e7UgCm9,@BBC,2018-08-28 11:01:01+00:00,-0.296,0.0,0.896,0.104
410,"‚ù§Ô∏èüêæ So many puppies and kittens will be safer because of this.
#LucysLaw https://t.co/LyF6u8hy2n",@BBC,2018-08-28 08:00:16+00:00,0.4215,0.177,0.823,0.0
411,"What's the real price of getting rid of plastic packaging?
üëâ https://t.co/RyTb9nF0CF https://t.co/MwiKgBExnZ",@BBC,2018-08-28 07:26:06+00:00,0.0,0.0,1.0,0.0
412,üò≤ Researchers have created a virtual reality system that tricks your brain into thinking you have unlimited space t‚Ä¶ https://t.co/zo6iUmhwoN,@BBC,2018-08-28 07:00:13+00:00,0.128,0.103,0.821,0.077
413,"Nikki Bedi interviews one of Britain's most successful - and outspoken - actors, @rizmc.

Riz Ahmed: Road to Englis‚Ä¶ https://t.co/PACKut4MfU",@BBC,2018-08-27 20:01:03+00:00,0.624,0.194,0.806,0.0
414,"üôà Walking in on your mum. The last thing you want to see. Ever. 

#Wanderlust starring Toni Collette | September 4‚Ä¶ https://t.co/C8JHV3ym5j",@BBC,2018-08-27 19:36:00+00:00,0.0772,0.064,0.936,0.0
415,"In this revealingly intimate documentary, Adrian Chiles takes a long hard look at his own love of boozing. üç∫

Drink‚Ä¶ https://t.co/mDtI8RH9Qk",@BBC,2018-08-27 19:03:04+00:00,0.5859,0.186,0.752,0.062
416,More than half of Borneo's orangutans have perished since 1999; their habitats destroyed to make way for palm oil p‚Ä¶ https://t.co/SIm7DMFEgU,@BBC,2018-08-27 18:12:05+00:00,-0.4939,0.0,0.862,0.138
417,üéª The incredible orchestra with a difference. https://t.co/v9oGw3x47H,@BBC,2018-08-27 17:05:04+00:00,0.0,0.0,1.0,0.0
418,"An increasing number of South Korean women are choosing not to marry, not to have children, and not even to have re‚Ä¶ https://t.co/Ae3Q2qtHTc",@BBC,2018-08-27 16:03:04+00:00,0.0772,0.056,0.944,0.0
419,"üòÇüêãüöå 'Before there were London buses, what did we use to measure blue whales?' https://t.co/Tmv8QZe8e7",@BBC,2018-08-27 14:08:03+00:00,0.0,0.0,1.0,0.0
420,"‚öñÔ∏èüêß More than 19,000 animals at @ZSLLondonZoo have had their vital statistics taken for the annual weigh-in.
üëâ‚Ä¶ https://t.co/H7JPVMODto",@BBC,2018-08-27 12:11:04+00:00,0.296,0.109,0.891,0.0
421,üåªüåª The Pop-Up Farm has been created by a Hertfordshire farmer to help people learn about farming in a different way‚Ä¶ https://t.co/E4PnTp3eLS,@BBC,2018-08-27 10:05:03+00:00,0.5719,0.207,0.793,0.0
422,"Three uninhabited Orkney islands have been put up for sale together for offers over ¬£200,000.
üëâ‚Ä¶ https://t.co/5318XAYLFf",@BBC,2018-08-27 09:01:02+00:00,0.0,0.0,1.0,0.0
423,"Why this bloodless testing device could be a game-changer in the fight against malaria.
#BBCInnovators https://t.co/2kRsfLzxOJ",@BBC,2018-08-27 08:10:04+00:00,-0.3818,0.0,0.843,0.157
424,"RT @BBCOne: üö® Consider this your 30-minute warning! üö®
#Bodyguard. Starts tonight at 9pm, @BBCOne. https://t.co/m8JzlprYRG",@BBC,2018-08-26 19:39:07+00:00,-0.4003,0.0,0.828,0.172
425,"A troubled war veteran is assigned to protect a controversial politician...

#Bodyguard | 9pm | @BBCOne |‚Ä¶ https://t.co/SopVXMpTWg",@BBC,2018-08-26 19:13:06+00:00,-0.7269,0.122,0.469,0.408
426,"üïµÔ∏èüòÇ Did you know Sherlock is Indian? 
#GoodnessGraciousMe https://t.co/quFCCTvECl",@BBC,2018-08-26 18:05:00+00:00,0.0,0.0,1.0,0.0
427,"The perfect picnic doesn't exi- 
#NationalDogDay https://t.co/hCE7MqzF2P",@BBC,2018-08-26 16:46:09+00:00,0.5719,0.381,0.619,0.0
428,"This sketch was discovered in Germany, but could it be by British artist Henry Moore? Fiona Bruce and @PhilipMould‚Ä¶ https://t.co/gGf2OFwsVI",@BBC,2018-08-26 16:32:00+00:00,0.0,0.0,1.0,0.0
429,"üò¥ It‚Äôs hard to overstate the benefits of a night‚Äôs rest for human memory, and neuroscientists are just beginning to‚Ä¶ https://t.co/GK81wfxhJ3",@BBC,2018-08-26 15:05:02+00:00,0.296,0.124,0.81,0.067
430,The boat that ROCKED ü§òhttps://t.co/4avyIFuoot,@BBC,2018-08-26 14:07:04+00:00,0.0,0.0,1.0,0.0
431,"üìñ The murderer turned author who published clues to his crimes.
üëâhttps://t.co/ITArfoXazg https://t.co/BSXLone9P7",@BBC,2018-08-26 12:06:05+00:00,-0.6808,0.0,0.705,0.295
432,üéì Aidan has cerebral palsy so he used eye gaze technology to complete his degree in creative writing...and got a fi‚Ä¶ https://t.co/KMxNJIYrPv,@BBC,2018-08-26 11:01:06+00:00,0.4404,0.132,0.868,0.0
433,üíâ Scientists believe they have found a reliable way to transform donor blood into the universal type needed for saf‚Ä¶ https://t.co/rU3YmogzMa,@BBC,2018-08-26 10:09:08+00:00,0.0,0.0,1.0,0.0
434,üòç Photographs of golden retriever puppies playing with lion and tiger cubs at a wildlife park in Beijing are meltin‚Ä¶ https://t.co/1Qfwlhs37j,@BBC,2018-08-26 09:26:05+00:00,0.2023,0.091,0.909,0.0
435,ü•ìüç≥ @Libertines frontman @PeteDoherty will have his name inscribed on a wall of fame in a Margate cafe after scoffin‚Ä¶ https://t.co/I9URg2sXjn,@BBC,2018-08-26 09:08:05+00:00,0.4404,0.139,0.861,0.0
436,"This father and son thought they were going to die at sea. 
Then 13 year old Joe did something incredible. 
(via‚Ä¶ https://t.co/ygLkik2sjB",@BBC,2018-08-26 08:00:14+00:00,-0.5994,0.0,0.843,0.157
437,RT @BBCWorld: US Senator John McCain dies aged 81 https://t.co/Sge1AtsTtk,@BBC,2018-08-26 07:42:20+00:00,0.0,0.0,1.0,0.0
438,ü¶éüé® How do chameleons change colour?  https://t.co/4fbUTZLbO7,@BBC,2018-08-26 07:12:02+00:00,0.0,0.0,1.0,0.0
439,"Three friends decide to turn their fantasy vacation into reality after one of their group gets engaged. üé¨üçø

Zindagi‚Ä¶ https://t.co/73RISRIQPx",@BBC,2018-08-25 21:01:07+00:00,0.7003,0.244,0.756,0.0
440,‚ù§Ô∏èü¶î All animals need someone like Joan! https://t.co/45ldsfXqNC,@BBC,2018-08-25 18:07:04+00:00,0.4199,0.285,0.715,0.0
441,RT @bbcstories: From slave plantations to #nottinghillcarnival2018 - How steel pans brought harmony to Europe‚Äôs biggest Caribbean event. ht‚Ä¶,@BBC,2018-08-25 17:18:16+00:00,0.4019,0.137,0.863,0.0
442,RT @BBCOne: Love. Sex. It's complicated. This is #Wanderlust. https://t.co/rnZLvWi0JT,@BBC,2018-08-25 17:18:08+00:00,0.6369,0.318,0.682,0.0
443,"Is identity different online? 

@BBCThree spoke to four of the most followed young Asian influencers in the country‚Ä¶ https://t.co/D15TpRXt2X",@BBC,2018-08-25 17:00:19+00:00,0.0,0.0,1.0,0.0
444,üíÉüï∫ Meet the dancer bringing 'rent parties' from Harlem to the UK. https://t.co/hXpLZXNXnc,@BBC,2018-08-25 16:00:15+00:00,0.4019,0.184,0.816,0.0
445,"üê¶üì∏ Vibrant pink flamingos triumphed over diving gannets and hungry robins, taking top spot in 2018's Bird Photograp‚Ä¶ https://t.co/fbkCntCFjY",@BBC,2018-08-25 15:02:06+00:00,0.8271,0.393,0.607,0.0
446,"""I want you guys to sing it so loud Chester can hear you, are you ready to do that?""

üíî @MikeShinoda's‚Ä¶ https://t.co/rHda95PHNg",@BBC,2018-08-25 14:42:30+00:00,0.4215,0.167,0.833,0.0
447,üçª + üßò‚Äç‚ôÄÔ∏èüßò‚Äç‚ôÇÔ∏è = üòä https://t.co/n3nkO3TkhD,@BBC,2018-08-25 14:00:15+00:00,0.0,0.0,1.0,0.0
448,"üòãüç´@BegumNadiya's tear'n'share mocha swirls are guaranteed to put a smile on your face. 
#NadiyasFamilyFavourites https://t.co/xmbPUB13wF",@BBC,2018-08-25 13:00:20+00:00,0.3612,0.161,0.839,0.0
449,"üé® The women impressionists forgotten by history.
üëâ https://t.co/tCmgdobORS https://t.co/5tJAw51rHf",@BBC,2018-08-25 12:00:17+00:00,-0.1027,0.16,0.638,0.202
450,"‚ùÑÔ∏èüåù Scientists say they have definitive evidence for water-ice on the surface of the Moon.
üëâ https://t.co/3vkqKzkmRT https://t.co/sdTP7tdpK5",@BBC,2018-08-25 11:07:04+00:00,0.0,0.0,1.0,0.0
451,RT @BBCR1: What's you're all-time favourite Reading &amp; Leeds performance? @paramore? @BiffyClyro? @Nirvana? @ArcticMonkeys? @disclosure? @fo‚Ä¶,@BBC,2018-08-25 09:45:20+00:00,0.0,0.0,1.0,0.0
452,"Of all your education, a very few specific skills will determine the rationality of your decision making. 

Take‚Ä¶ https://t.co/kosxQqPPRi",@BBC,2018-08-25 09:00:19+00:00,0.0,0.0,1.0,0.0
453,"Five-year-old Otto competed in a para-triathlon seven months after major surgery on his spine. 

‚ù§Ô∏è He wanted to ra‚Ä¶ https://t.co/Brxs6na4eN",@BBC,2018-08-25 08:00:06+00:00,0.0,0.0,1.0,0.0
454,"The story of how British Asians came of age as they found their voice and identity. üé∂

Pump Up the Bhangra: The Sou‚Ä¶ https://t.co/UooVjCCTRM",@BBC,2018-08-24 20:03:07+00:00,0.0,0.0,1.0,0.0
455,"üòÇüóû It's India's favourite newspaper... The Delhi Mail!  
#GoodnessGraciousMe https://t.co/z8FpkFoFE9",@BBC,2018-08-24 18:02:07+00:00,0.0,0.0,1.0,0.0
456,"Me leaving work in a calm and orderly fashion ahead of the  üéâTHREE üéâDAY üéâWEEKEND üéâ

#FridayFeeling #BankHoliday https://t.co/x9zFn90J3W",@BBC,2018-08-24 15:59:00+00:00,0.3182,0.126,0.874,0.0
457,RT @BBCTwo: Happy Birthday @StephenFry! Here‚Äôs one of our favourite clips ever featuring your good self and a rather randy parrot‚Ä¶ üòÇüò≥ https‚Ä¶,@BBC,2018-08-24 14:58:04+00:00,0.784,0.256,0.744,0.0
458,"RT @BBCOne: Find your dancing shoes üëû üë†

#Strictly returns to BBC One soon. @bbcstrictly. https://t.co/yqOYHGXMqP",@BBC,2018-08-24 14:22:04+00:00,0.0,0.0,1.0,0.0
459,"üå° The next few years could be 'anomalously warm', according to a new study.
üëâ https://t.co/jKfnBaFiCA https://t.co/GHZglCJXGS",@BBC,2018-08-24 13:07:53+00:00,0.0,0.0,1.0,0.0
460,"üòÇ When you catch your wife reading the Victorian version of 50 Shades Of Grey. 
#Quacks https://t.co/WsShUpzOJm",@BBC,2018-08-24 12:01:06+00:00,0.0516,0.074,0.926,0.0
461,üßÄ A substance found by archaeologists working in an Ancient Egyptian tomb has proved to be one of the oldest cheese‚Ä¶ https://t.co/1e3wwLTYzw,@BBC,2018-08-24 11:00:12+00:00,0.0,0.0,1.0,0.0
462,@BBCTravelShow is on @BBCiPlayer now! https://t.co/vORksfNnB7 üçâüêª,@BBC,2018-08-24 08:43:01+00:00,0.0,0.0,1.0,0.0
463,More than half of Borneo's orangutans have perished since 1999; their habitats destroyed to make way for palm oil p‚Ä¶ https://t.co/K4hcJybtsU,@BBC,2018-08-24 08:00:15+00:00,-0.4939,0.0,0.862,0.138
464,"15-20% of US contact lens users dispose of them in bathroom drains, increasing plastic pollution in the environment‚Ä¶ https://t.co/xTvugVsIBd",@BBC,2018-08-24 07:27:06+00:00,0.0,0.0,1.0,0.0
465,üòÆüôåüóº Not what you'd normally find in a back garden... https://t.co/Qo13wjnFO9,@BBC,2018-08-24 07:00:10+00:00,0.0,0.0,1.0,0.0
466,üçìü§ñ Meet the strawberry picking robot. https://t.co/oVL1eYXeBt,@BBC,2018-08-23 19:00:22+00:00,0.0,0.0,1.0,0.0
467,"Twenty familiar faces from the worlds of show business, music and sport compete to win the 2018 title... Celebrity‚Ä¶ https://t.co/b8ah90rqci",@BBC,2018-08-23 18:02:06+00:00,0.5859,0.167,0.833,0.0
468,Would you travel to Japan to meet Melonbear? https://t.co/aiiuz98vMp,@BBC,2018-08-23 17:31:00+00:00,0.0,0.0,1.0,0.0
469,"RT @BBCOne: Be a nice person ‚úÖ
Never give up ‚úÖ
Answer back ‚úÖ

And other valuable life advice from @LennyHenry! https://t.co/pYyyfqeKOq",@BBC,2018-08-23 16:01:05+00:00,0.7345,0.279,0.721,0.0
470,"Do you give a fork? üç¥
#PlasticsAction https://t.co/Zs6OXgNdM6",@BBC,2018-08-23 16:00:00+00:00,0.0,0.0,1.0,0.0
471,"RT @BBCNews: GCSE results day is stressful for a lot of people üòñ

Here are some tips on how to cope https://t.co/zjny0yFCjX https://t.co/io‚Ä¶",@BBC,2018-08-23 15:55:24+00:00,-0.5106,0.0,0.858,0.142
472,"RT @bbcpress: üé¨ @BBCThree's #Fleabag series two cast announced as filming commences, with Andrew Scott joining the show: https://t.co/nH6LF‚Ä¶",@BBC,2018-08-23 15:49:59+00:00,0.0,0.0,1.0,0.0
473,"South Korean boy band @BTS_twt will appear in the 2019 edition of the Guinness Book of World Records - twice! 
üëâ‚Ä¶ https://t.co/DkTcQLeqJD",@BBC,2018-08-23 14:27:01+00:00,0.0,0.0,1.0,0.0
474,"RT @BBC_Teach: Did you know that GCSEs are 30 years old this year?

Take a trip down memory lane with this 1988 clip from John Craven's New‚Ä¶",@BBC,2018-08-23 13:08:17+00:00,0.0,0.0,1.0,0.0
475,"From 'preating' to 'orbiting' - which toxic dating trend are you guilty of?
üëâ https://t.co/O4dQkQAqlM https://t.co/p39IuVrUVI",@BBC,2018-08-23 13:00:22+00:00,-0.4215,0.0,0.823,0.177
476,üê∂üç¶ Almost too adorable to eat... https://t.co/Cf3gUwmFqH,@BBC,2018-08-23 12:03:06+00:00,0.4445,0.327,0.673,0.0
477,"üò≤ A woman has had a contact lens removed from her eyelid 28 years after it was thought to have fallen out.
üëâ‚Ä¶ https://t.co/okaXLrAjDn",@BBC,2018-08-23 11:00:19+00:00,-0.3612,0.0,0.889,0.111
478,"RT @BBCOne: Walking in on your mum. The last thing you want to see. Ever.

#Wanderlust starring Toni Collette explores love and forbidden d‚Ä¶",@BBC,2018-08-23 09:56:02+00:00,0.4019,0.188,0.717,0.096
479,"RT @BBC6Music: #AllDayRave
Thursday with...
6am @graemepark
7am @DirkandJurgen w/ @shaunwkeaveny &amp; @nemonemetaxas 
10am @laurenlaverne w/ @‚Ä¶",@BBC,2018-08-23 09:15:16+00:00,0.0,0.0,1.0,0.0
480,"RT @BBC6Music: We‚Äôre ‚Äòaving a rave! üôå
All day today we‚Äôre celebrating 30 years of UK club culture. No playlist, plenty of your requests and‚Ä¶",@BBC,2018-08-23 09:09:35+00:00,0.4199,0.147,0.772,0.081
481,"RT @BBC_Teach: It's #gcseresultsday2018

#BBCMindSet are live NOW with support and advice to help you choose your next step 

Just click he‚Ä¶",@BBC,2018-08-23 08:55:54+00:00,0.6597,0.213,0.787,0.0
482,"This woman is the best thing since sliced bread.
(via @BBCThree) https://t.co/1TUeJRVuJs",@BBC,2018-08-23 08:00:08+00:00,0.6369,0.276,0.724,0.0
483,Examination of a mummy has revealed the original ancient Egyptian embalming recipe - first used to preserve bodies.‚Ä¶ https://t.co/m4dEcDrGEY,@BBC,2018-08-23 07:25:03+00:00,0.3182,0.126,0.874,0.0
484,"ü¶î üíï Only one in 100,000 hedgehogs are born with the recessive gene for albinism. https://t.co/os5fY2IdID",@BBC,2018-08-23 07:00:06+00:00,0.0,0.0,1.0,0.0
485,Meet the brothers who customise millions of pounds worth of supercars‚Ä¶ and live at home with Mum and Dad. https://t.co/GKWVG8MN9K,@BBC,2018-08-22 18:01:04+00:00,0.2263,0.091,0.909,0.0
486,"NEWS JUST IN: TV is dead. 

#TheLennyHenryBirthdayShow | 8pm | @BBCOne https://t.co/BcAdHUwEFT",@BBC,2018-08-22 17:03:05+00:00,-0.6486,0.0,0.677,0.323
487,How Vince‚Äôs experience as a Paralympian led him to set up a company making bespoke wheelchairs. https://t.co/oiij2R8Auk,@BBC,2018-08-22 16:03:06+00:00,0.0,0.0,1.0,0.0
488,RT @BBCRadio4: Venezuela is desperately trying to stop out-of-control prices. Here‚Äôs how they got to where they were before the new currenc‚Ä¶,@BBC,2018-08-22 16:01:01+00:00,-0.5859,0.0,0.806,0.194
489,"Cases of measles in Europe have hit a record high with 41,000 people infected in the first six months of 2018, acco‚Ä¶ https://t.co/pmnPXDndJI",@BBC,2018-08-22 14:08:06+00:00,-0.4939,0.0,0.868,0.132
490,"RT @BBCTwo: By order of the #PeakyBlinders, we hereby issue @BBCOne with full membership to the Shelby family business! Welcome to the gang‚Ä¶",@BBC,2018-08-22 13:32:04+00:00,0.5093,0.13,0.87,0.0
491,"RT @BBCOne: Power. Protection. Trust. Threat.

Get ready for #Bodyguard. Starts Sunday 26th and Monday 27th August, 9pm, on @BBCOne.

Starr‚Ä¶",@BBC,2018-08-22 13:13:18+00:00,0.34,0.213,0.662,0.125
492,"More than half (56%) of UK workers believe they are monitored by their boss at work, research from the TUC claims.‚Ä¶ https://t.co/BPKwk9iEwL",@BBC,2018-08-22 13:00:24+00:00,0.0,0.0,1.0,0.0
493,RT @BBC6Music: Which tunes would you add to this list? #AllDayRave  https://t.co/1izIOoaqod,@BBC,2018-08-22 12:15:45+00:00,0.0,0.0,1.0,0.0
494,Inside Shanghai‚Äôs marriage market where parents set their children up on blind dates. https://t.co/CHpIBNc16h,@BBC,2018-08-22 12:02:05+00:00,-0.4019,0.0,0.828,0.172
495,"RT @bbcpress: ""By order of the #PeakyBlinders."" @ThePeakyBlinder moves to @BBCOne: https://t.co/VUCZAOjIX1 #EdTVFest https://t.co/fEA0Rv7ihh",@BBC,2018-08-22 11:30:59+00:00,0.0,0.0,1.0,0.0
496,More than a third of farmed fruit and vegetables never reaches supermarket shelves because it is misshapen or the w‚Ä¶ https://t.co/10Bqhnzz8j,@BBC,2018-08-22 11:01:06+00:00,-0.0382,0.0,0.943,0.057
497,RT @BBCTheOneShow: That time Sir @LennyHenry bumped into the Queen of Soul in an airport! üåπ https://t.co/QDXsgrA2nX,@BBC,2018-08-22 10:53:23+00:00,0.0,0.0,1.0,0.0
498,ü¶éüé® How do chameleons change colour?  https://t.co/4fbUTZLbO7,@BBC,2018-08-22 08:00:09+00:00,0.0,0.0,1.0,0.0
499,"There is high public support for using the tax system to reduce waste from single-use plastics, the Treasury says.‚Ä¶ https://t.co/QPl3U2qmOj",@BBC,2018-08-22 07:28:08+00:00,0.1779,0.185,0.7,0.115
